"Time (UTC)","Barometric Pressure (mbar)","Temperature (degrees F)","Dewpoint (degrees F)","Relative Humidity (%)","Wind speed (mph)","Wind direction (degrees)","Analysis Barometric Pressure (mbar)","Analysis Temperature (degrees F)","Analysis Dewpoint (degrees F)","Analysis Relative Humidity (%)","Analysis Wind speed (mph)","Analysis Wind direction (degrees)"
2024-09-15 19:15:00,1029.60,73.0,63.4,71,0,213,,,,,,
2024-09-15 19:30:00,1029.70,73.0,63.0,71,0,237,,,,,,
2024-09-15 19:45:00,1029.60,72.0,60.9,68,0,174,,,,,,
2024-09-15 20:00:00,1029.60,72.0,61.3,69,0,238,,,,,,
2024-09-15 20:15:00,1029.50,71.0,61.9,73,0,237,,,,,,
2024-09-15 20:45:00,1029.40,70.0,62.1,76,0,231,,,,,,
2024-09-15 21:00:00,1029.40,70.0,62.1,76,0,231,,,,,,
2024-09-15 21:15:00,1029.40,69.0,61.5,77,0,231,,,,,,
2024-09-15 21:30:00,1029.40,69.0,61.5,77,0,231,,,,,,
2024-09-15 21:45:00,1029.50,68.0,59.8,74,0,229,,,,,,
2024-09-15 22:00:00,1029.50,68.0,60.1,75,0,230,,,,,,
2024-09-15 22:15:00,1029.50,67.0,59.5,76,0,230,,,,,,
2024-09-15 22:30:00,1029.40,66.0,58.6,76,0,230,,,,,,
2024-09-15 22:45:00,1029.30,66.0,58.9,78,0,231,,,,,,
2024-09-15 23:00:00,1029.30,66.0,58.9,78,0,231,,,,,,
2024-09-15 23:15:00,1029.20,65.0,58.3,78,0,231,,,,,,
2024-09-15 23:30:00,1029.20,65.0,58.0,78,0,231,,,,,,
2024-09-15 23:45:00,1029.40,65.0,58.7,79,0,231,,,,,,
2024-09-16 00:15:00,1029.50,64.0,58.4,82,0,195,,,,,,
2024-09-16 00:30:00,1029.50,63.0,57.8,82,0,193,,,,,,
2024-09-16 00:45:00,1029.50,63.0,57.8,83,0,0,1027.48,62.2,57.5,84,,219
2024-09-16 01:00:00,1029.60,62.0,57.1,84,0,191,,,,,,
2024-09-16 01:15:00,1029.60,62.0,57.1,84,0,191,,,,,,
2024-09-16 01:30:00,1029.70,62.0,57.4,84,0,199,,,,,,
2024-09-16 01:45:00,1029.70,62.0,57.8,86,0,0,1027.98,60.0,56.1,87,,44
2024-09-16 01:46:00,1029.70,62.0,57.8,85,0,199,,,,,,
2024-09-16 02:16:00,1029.80,61.0,56.8,86,0,194,,,,,,
2024-09-16 02:31:00,1029.90,61.0,57.1,87,0,195,,,,,,
2024-09-16 02:45:00,1029.80,61.0,57.4,87,0,0,1028.71,58.8,56.1,90,,44
2024-09-16 03:00:00,1029.80,60.0,56.7,88,0,196,,,,,,
2024-09-16 03:15:00,1029.70,59.0,56.1,90,0,195,,,,,,
2024-09-16 03:30:00,1029.70,58.0,55.7,92,0,195,,,,,,
2024-09-16 03:45:00,1029.70,58.0,55.6,91,0,0,1028.16,57.6,55.6,93,,44
2024-09-16 04:00:00,1029.60,58.0,56.0,92,0,166,,,,,,
2024-09-16 04:15:00,1029.60,57.0,55.0,92,0,165,,,,,,
2024-09-16 04:30:00,1029.60,57.0,55.3,94,0,165,,,,,,
2024-09-16 04:45:00,1029.60,57.0,55.5,94,0,0,1027.82,55.8,54.5,95,,44
2024-09-16 05:00:00,1029.70,57.0,55.6,94,0,87,,,,,,
2024-09-16 05:15:00,1029.70,57.0,55.3,94,0,87,,,,,,
2024-09-16 05:30:00,1029.70,56.0,54.3,94,0,73,,,,,,
2024-09-16 05:45:00,1029.60,56.0,54.0,92,0,0,1028.19,54.9,53.1,93,,44
2024-09-16 06:00:00,1029.50,56.0,53.7,92,0,90,,,,,,
2024-09-16 06:15:00,1029.50,56.0,53.4,91,0,90,,,,,,
2024-09-16 06:30:00,1029.40,56.0,53.4,91,0,90,,,,,,
2024-09-16 06:45:00,1029.30,56.0,53.4,90,0,0,1027.84,53.4,52.3,95,,44
2024-09-16 07:00:00,1029.20,55.0,52.1,90,0,90,,,,,,
2024-09-16 07:15:00,1029.40,55.0,51.8,89,0,90,,,,,,
2024-09-16 07:30:00,1029.30,54.0,51.1,89,0,91,,,,,,
2024-09-16 07:45:00,1029.50,55.0,51.8,88,0,0,1028.00,53.0,51.5,94,,44
2024-09-16 08:00:00,1029.50,55.0,52.1,90,0,91,,,,,,
2024-09-16 08:15:00,1029.40,54.0,51.1,89,0,91,,,,,,
2024-09-16 08:30:00,1029.50,54.0,51.4,90,0,91,,,,,,
2024-09-16 08:45:00,1029.50,53.0,50.7,91,0,0,1027.72,52.0,50.6,94,,44
2024-09-16 09:00:00,1029.50,54.0,52.3,93,0,91,,,,,,
2024-09-16 09:15:00,1029.60,53.0,51.3,94,0,91,,,,,,
2024-09-16 09:30:00,1029.70,54.0,52.6,95,0,91,,,,,,
2024-09-16 09:45:00,1029.60,54.0,52.6,94,0,0,1027.84,51.6,51.5,99,,218
2024-09-16 10:00:00,1029.60,54.0,52.3,93,0,93,,,,,,
2024-09-16 10:15:00,1029.60,54.0,52.3,93,0,93,,,,,,
2024-09-16 10:30:00,1029.70,54.0,52.6,95,0,93,,,,,,
2024-09-16 10:45:00,1029.80,54.0,52.6,94,0,0,1028.28,51.1,50.2,96,,44
2024-09-16 11:00:00,1030.10,54.0,52.9,95,0,93,,,,,,
2024-09-16 11:15:00,1030.10,55.0,53.9,96,0,93,,,,,,
2024-09-16 11:30:00,1030.20,55.0,53.9,96,0,93,,,,,,
2024-09-16 11:45:00,1030.20,56.0,54.8,95,0,0,1028.75,53.9,52.4,94,,219
2024-09-16 11:46:00,1030.20,56.0,54.9,95,0,93,,,,,,
2024-09-16 12:00:00,1030.30,57.0,55.9,96,0,93,,,,,,
2024-09-16 12:15:00,1030.30,57.0,55.6,94,0,93,,,,,,
2024-09-16 12:30:00,1030.30,58.0,56.6,94,0,93,,,,,,
2024-09-16 12:45:00,1030.30,58.0,56.5,94,0,0,1028.50,58.5,56.8,93,,44
2024-09-16 13:00:00,1030.50,60.0,57.7,92,0,93,,,,,,
2024-09-16 13:15:00,1030.40,61.0,57.7,88,0,93,,,,,,
2024-09-16 13:30:00,1030.40,63.0,58.7,85,0,91,,,,,,
2024-09-16 13:45:00,1030.30,64.0,58.7,83,0,91,,,,,,
2024-09-16 14:00:00,1030.30,66.0,59.6,80,0,55,,,,,,
2024-09-16 14:15:00,1030.30,67.0,59.5,76,0,79,,,,,,
2024-09-16 14:30:00,1030.30,68.0,59.0,72,0,79,,,,,,
2024-09-16 14:45:00,1030.30,69.0,59.6,72,0,19,,,,,,
2024-09-16 15:00:00,1030.20,69.0,59.2,70,0,77,,,,,,
2024-09-16 15:15:00,1030.10,70.0,57.7,64,0,107,,,,,,
2024-09-16 15:30:00,1030.10,71.0,57.8,63,0,59,,,,,,
2024-09-16 15:45:00,1030.10,72.0,58.2,61,0,22,,,,,,
2024-09-16 16:00:00,1029.80,72.0,57.8,60,0,2,,,,,,
2024-09-16 16:15:00,1029.60,73.0,59.6,62,0,326,,,,,,
2024-09-16 16:30:00,1029.50,74.0,58.8,59,0,208,,,,,,
2024-09-16 16:45:00,1029.40,74.0,57.8,56,0,79,,,,,,
2024-09-16 17:00:00,1029.20,74.0,58.3,58,0,6,,,,,,
2024-09-16 17:15:00,1029.20,74.0,59.2,60,0,233,,,,,,
2024-09-16 17:30:00,1028.90,75.0,61.5,62,0,30,,,,,,
2024-09-16 17:45:00,1028.70,74.0,61.5,64,0,308,,,,,,
2024-09-16 18:01:00,1028.40,73.0,60.1,64,1,47,,,,,,
2024-09-16 18:15:00,1028.30,73.0,61.8,67,0,229,,,,,,
2024-09-16 18:30:00,1028.10,73.0,61.0,65,0,11,,,,,,
2024-09-16 18:45:00,1027.90,73.0,61.0,65,0,221,,,,,,
2024-09-16 19:00:00,1027.70,73.0,60.5,64,0,150,,,,,,
2024-09-16 19:15:00,1027.50,73.0,61.8,67,0,194,,,,,,
2024-09-16 19:30:00,1027.40,73.0,60.5,64,0,214,,,,,,
2024-09-16 19:45:00,1027.40,73.0,61.4,66,0,217,,,,,,
2024-09-16 20:01:00,1027.40,72.0,61.3,69,0,160,,,,,,
2024-09-16 20:15:00,1027.30,72.0,60.9,68,0,212,,,,,,
2024-09-16 20:30:00,1027.20,72.0,61.7,70,0,206,,,,,,
2024-09-16 20:45:00,1027.30,71.0,61.1,70,0,216,,,,,,
2024-09-16 21:01:00,1027.30,70.0,60.5,72,0,214,,,,,,
2024-09-16 21:30:00,1027.10,69.0,59.2,70,0,203,,,,,,
2024-09-16 22:01:00,1027.10,67.0,56.9,69,0,186,,,,,,
2024-09-16 22:16:00,1027.10,66.0,56.3,71,0,186,,,,,,
2024-09-16 22:30:00,1027.10,65.0,55.8,72,0,195,,,,,,
2024-09-16 22:45:00,1027.10,64.0,54.8,72,0,185,,,,,,
2024-09-16 23:00:00,1027.10,64.0,54.8,72,0,186,,,,,,
2024-09-16 23:15:00,1027.10,63.0,53.8,72,0,191,,,,,,
2024-09-16 23:30:00,1027.20,64.0,54.0,69,0,182,,,,,,
2024-09-16 23:45:00,1027.30,63.0,54.2,72,0,191,,,,,,
2024-09-17 00:15:00,1027.40,64.0,54.8,72,0,206,,,,,,
2024-09-17 00:30:00,1027.40,63.0,53.1,70,0,197,,,,,,
2024-09-17 00:45:00,1027.40,64.0,53.8,69,0,0,1025.60,58.3,53.9,85,,44
2024-09-17 01:00:00,1027.50,63.0,52.3,68,0,174,,,,,,
2024-09-17 01:15:00,1027.60,64.0,51.6,63,0,207,,,,,,
2024-09-17 01:30:00,1027.70,64.0,50.7,61,0,214,,,,,,
2024-09-17 01:45:00,1027.50,63.0,51.2,65,0,0,1025.55,57.8,52.7,83,,219
2024-09-17 02:00:00,1027.40,63.0,50.2,62,0,210,,,,,,
2024-09-17 02:15:00,1027.50,62.0,50.1,64,0,198,,,,,,
2024-09-17 02:30:00,1027.40,61.0,50.0,66,0,198,,,,,,
2024-09-17 02:45:00,1027.40,61.0,49.3,65,0,0,1025.89,55.9,52.8,89,,43
2024-09-17 03:00:00,1027.40,60.0,49.4,67,0,198,,,,,,
2024-09-17 03:15:00,1027.30,60.0,49.0,67,0,198,,,,,,
2024-09-17 03:30:00,1027.20,60.0,49.4,67,0,198,,,,,,
2024-09-17 03:45:00,1027.30,59.0,49.0,69,0,0,1026.04,55.6,51.9,87,,44
2024-09-17 04:00:00,1027.20,58.0,47.9,69,0,198,,,,,,
2024-09-17 04:15:00,1027.20,58.0,48.6,71,0,198,,,,,,
2024-09-17 04:30:00,1027.20,58.0,48.6,71,0,198,,,,,,
2024-09-17 04:45:00,1027.10,57.0,49.2,75,0,0,1025.45,53.6,50.3,88,,44
2024-09-17 05:00:00,1027.10,57.0,48.8,73,0,198,,,,,,
2024-09-17 05:15:00,1027.10,56.0,48.9,76,0,198,,,,,,
2024-09-17 05:30:00,1027.10,56.0,48.9,76,0,198,,,,,,
2024-09-17 05:45:00,1027.20,56.0,48.6,76,0,0,1025.71,52.1,49.4,90,,44
2024-09-17 06:00:00,1027.20,56.0,48.5,75,0,198,,,,,,
2024-09-17 06:15:00,1027.10,56.0,48.9,76,0,198,,,,,,
2024-09-17 06:30:00,1026.90,56.0,48.9,76,0,198,,,,,,
2024-09-17 06:45:00,1026.80,56.0,48.3,75,0,0,1025.21,52.2,49.2,89,,44
2024-09-17 07:00:00,1026.70,56.0,48.2,75,0,198,,,,,,
2024-09-17 07:15:00,1026.70,56.0,48.2,75,0,198,,,,,,
2024-09-17 07:30:00,1026.70,56.0,48.2,75,0,198,,,,,,
2024-09-17 07:45:00,1026.60,56.0,49.0,77,0,0,1024.94,51.3,48.7,90,,44
2024-09-17 08:00:00,1026.50,55.0,48.3,78,0,198,,,,,,
2024-09-17 08:15:00,1026.50,55.0,48.9,79,0,198,,,,,,
2024-09-17 08:30:00,1026.40,55.0,48.6,79,0,198,,,,,,
2024-09-17 08:45:00,1026.30,54.0,47.0,77,0,0,1025.26,50.8,47.9,89,,44
2024-09-17 09:00:00,1026.30,54.0,47.3,78,0,198,,,,,,
2024-09-17 09:15:00,1026.30,54.0,47.3,78,0,198,,,,,,
2024-09-17 09:45:00,1026.30,55.0,48.0,77,0,0,1024.85,50.7,47.6,89,,44
2024-09-17 10:00:00,1026.40,55.0,46.9,74,0,198,,,,,,
2024-09-17 10:15:00,1026.50,55.0,46.9,74,0,198,,,,,,
2024-09-17 10:30:00,1026.70,54.0,46.6,76,0,198,,,,,,
2024-09-17 10:45:00,1026.70,54.0,47.0,77,0,0,1025.64,51.2,47.5,87,,317
2024-09-17 11:00:00,1026.90,54.0,47.6,78,0,198,,,,,,
2024-09-17 11:15:00,1026.90,54.0,47.6,78,0,198,,,,,,
2024-09-17 11:30:00,1026.90,54.0,47.3,78,0,198,,,,,,
2024-09-17 11:45:00,1027.00,54.0,47.4,78,0,0,1025.66,52.7,49.6,89,,44
2024-09-17 12:00:00,1026.90,55.0,48.6,79,0,198,,,,,,
2024-09-17 12:15:00,1026.90,56.0,48.5,75,0,198,,,,,,
2024-09-17 12:30:00,1026.90,57.0,49.9,76,0,198,,,,,,
2024-09-17 12:45:00,1026.80,58.0,50.9,77,0,0,1025.19,58.5,53.6,83,,43
2024-09-17 13:00:00,1026.80,59.0,51.1,74,0,198,,,,,,
2024-09-17 13:15:00,1026.90,61.0,52.6,74,0,198,,,,,,
2024-09-17 13:30:00,1026.80,62.0,52.9,71,0,198,,,,,,
2024-09-17 13:45:00,1026.70,63.0,52.3,68,0,200,,,,,,
2024-09-17 14:00:00,1026.70,65.0,53.8,67,0,199,,,,,,
2024-09-17 14:15:00,1026.70,67.0,55.7,66,0,58,,,,,,
2024-09-17 14:30:00,1026.50,68.0,55.4,64,0,176,,,,,,
2024-09-17 14:45:00,1026.60,69.0,55.0,61,0,158,,,,,,
2024-09-17 15:00:00,1026.40,70.0,57.2,63,0,79,,,,,,
2024-09-17 15:15:00,1026.30,71.0,57.3,61,0,93,,,,,,
2024-09-17 15:30:00,1026.30,71.0,56.9,60,0,176,,,,,,
2024-09-17 15:45:00,1026.20,72.0,56.4,57,0,338,,,,,,
2024-09-17 16:00:00,1026.20,73.0,59.2,62,0,341,,,,,,
2024-09-17 16:15:00,1026.10,74.0,58.3,58,0,120,,,,,,
2024-09-17 16:30:00,1026.00,74.0,59.2,60,0,63,,,,,,
2024-09-17 16:46:00,1026.00,74.0,58.3,58,0,44,,,,,,
2024-09-17 17:00:00,1025.80,74.0,56.8,54,0,53,,,,,,
2024-09-17 17:15:00,1025.60,74.0,57.8,56,0,20,,,,,,
2024-09-17 17:30:00,1025.50,74.0,57.8,56,0,201,,,,,,
2024-09-17 17:45:00,1025.40,74.0,55.2,51,0,289,,,,,,
2024-09-17 18:00:00,1025.50,74.0,57.3,55,0,286,,,,,,
2024-09-17 18:15:00,1025.20,73.0,57.3,57,0,252,,,,,,
2024-09-17 18:30:00,1025.10,74.0,57.8,56,0,243,,,,,,
2024-09-17 18:45:00,1025.00,73.0,58.7,60,0,243,,,,,,
2024-09-17 19:00:00,1024.80,72.0,57.8,60,0,224,,,,,,
2024-09-17 19:15:00,1024.70,71.0,55.9,59,0,226,,,,,,
2024-09-17 19:31:00,1024.60,71.0,57.8,63,0,226,,,,,,
2024-09-17 20:01:00,1024.50,71.0,58.2,64,0,227,,,,,,
2024-09-17 20:16:00,1024.50,71.0,58.6,65,0,227,,,,,,
2024-09-17 20:30:00,1024.50,71.0,59.1,66,0,224,,,,,,
2024-09-17 20:45:00,1024.50,71.0,59.9,67,0,224,,,,,,
2024-09-17 21:00:00,1024.40,70.0,59.8,69,0,224,,,,,,
2024-09-17 21:15:00,1024.40,69.0,58.4,68,0,225,,,,,,
2024-09-17 21:30:00,1024.30,69.0,59.2,70,0,225,,,,,,
2024-09-17 21:45:00,1024.30,68.0,59.0,72,0,207,,,,,,
2024-09-17 22:00:00,1024.40,67.0,58.8,75,0,203,,,,,,
2024-09-17 22:15:00,1024.30,66.0,57.8,74,0,204,,,,,,
2024-09-17 22:30:00,1024.20,66.0,53.5,63,0,233,,,,,,
2024-09-17 22:45:00,1024.20,65.0,44.8,48,0,210,,,,,,
2024-09-17 23:00:00,1024.20,64.0,47.0,54,0,208,,,,,,
2024-09-17 23:15:00,1024.10,63.0,40.1,43,0,208,,,,,,
2024-09-17 23:30:00,1024.10,63.0,37.6,38,0,206,,,,,,
2024-09-17 23:45:00,1024.20,63.0,40.1,43,0,205,,,,,,
2024-09-18 00:15:00,1024.10,64.0,38.5,38,0,176,,,,,,
2024-09-18 00:30:00,1024.10,63.0,39.5,41,0,176,,,,,,
2024-09-18 00:45:00,1024.00,63.0,42.5,47,0,176,,,,,,
2024-09-18 01:00:00,1023.80,62.0,43.1,49,0,176,,,,,,
2024-09-18 01:15:00,1023.90,61.0,45.6,56,0,176,,,,,,
2024-09-18 01:30:00,1023.70,61.0,45.2,56,0,176,,,,,,
2024-09-18 01:45:00,1023.70,61.0,46.1,57,0,199,,,,,,
2024-09-18 02:00:00,1023.80,61.0,48.3,62,0,199,,,,,,
2024-09-18 02:15:00,1023.70,61.0,51.1,69,0,199,,,,,,
2024-09-18 02:30:00,1023.80,63.0,48.0,57,0,200,,,,,,
2024-09-18 02:45:00,1023.70,63.0,48.0,57,0,199,,,,,,
2024-09-18 03:00:00,1023.70,61.0,44.7,54,0,199,,,,,,
2024-09-18 03:15:00,1023.70,61.0,47.9,61,0,198,,,,,,
2024-09-18 03:30:00,1023.70,61.0,44.7,54,0,198,,,,,,
2024-09-18 03:45:00,1023.60,60.0,39.7,46,0,198,,,,,,
2024-09-18 04:00:00,1023.60,60.0,39.7,46,0,198,,,,,,
2024-09-18 04:15:00,1023.40,60.0,36.2,40,0,198,,,,,,
2024-09-18 04:30:00,1023.50,59.0,39.3,48,0,198,,,,,,
2024-09-18 04:45:00,1023.60,59.0,41.9,52,0,198,,,,,,
2024-09-18 05:00:00,1023.60,59.0,44.7,58,0,198,,,,,,
2024-09-18 05:15:00,1023.60,58.0,43.8,58,0,198,,,,,,
2024-09-18 05:30:00,1023.60,58.0,43.8,58,0,198,,,,,,
2024-09-18 05:45:00,1023.50,58.0,44.6,61,0,198,,,,,,
2024-09-18 06:00:00,1023.40,57.0,43.2,59,0,198,,,,,,
2024-09-18 06:15:00,1023.50,57.0,43.7,60,0,198,,,,,,
2024-09-18 06:30:00,1023.20,57.0,44.5,63,0,198,,,,,,
2024-09-18 06:45:00,1022.90,58.0,45.0,61,0,199,,,,,,
2024-09-18 07:00:00,1022.90,58.0,45.9,63,0,199,,,,,,
2024-09-18 07:31:00,1022.80,58.0,46.7,65,0,199,,,,,,
2024-09-18 08:00:00,1022.90,56.0,47.5,73,0,199,,,,,,
2024-09-18 08:30:00,1022.60,57.0,48.8,73,0,199,,,,,,
2024-09-18 08:45:00,1022.60,56.0,48.5,75,0,199,,,,,,
2024-09-18 09:00:00,1022.60,56.0,49.2,78,0,199,,,,,,
2024-09-18 09:15:00,1022.60,55.0,48.9,79,0,199,,,,,,
2024-09-18 09:30:00,1022.60,55.0,48.6,79,0,199,,,,,,
2024-09-18 09:45:00,1022.60,55.0,48.3,78,0,199,,,,,,
2024-09-18 10:00:00,1022.40,55.0,47.9,76,0,199,,,,,,
2024-09-18 10:15:00,1022.40,55.0,48.6,79,0,199,,,,,,
2024-09-18 10:30:00,1022.40,55.0,48.3,78,0,199,,,,,,
2024-09-18 10:45:00,1022.40,56.0,48.9,76,0,199,,,,,,
2024-09-18 11:00:00,1022.60,56.0,48.9,76,0,199,,,,,,
2024-09-18 11:15:00,1022.60,56.0,49.6,79,0,198,,,,,,
2024-09-18 11:30:00,1022.70,56.0,49.2,78,0,199,,,,,,
2024-09-18 11:45:00,1022.70,58.0,49.4,72,0,199,,,,,,
2024-09-18 12:00:00,1022.60,59.0,50.7,73,0,199,,,,,,
2024-09-18 12:15:00,1022.70,60.0,51.7,74,0,199,,,,,,
2024-09-18 12:30:00,1022.80,61.0,53.0,74,0,199,,,,,,
2024-09-18 12:45:00,1022.70,61.0,51.9,71,0,199,,,,,,
2024-09-18 13:00:00,1022.60,61.0,51.9,71,0,199,,,,,,
2024-09-18 13:15:00,1022.70,62.0,51.3,67,0,199,,,,,,
2024-09-18 13:30:00,1022.80,63.0,53.1,70,0,199,,,,,,
2024-09-18 13:45:00,1022.80,64.0,52.0,64,0,199,,,,,,
2024-09-18 14:00:00,1022.80,66.0,52.6,62,0,56,,,,,,
2024-09-18 14:15:00,1023.10,66.0,53.5,63,0,357,,,,,,
2024-09-18 14:30:00,1023.00,66.0,54.3,66,0,359,,,,,,
2024-09-18 14:45:00,1023.10,66.0,55.5,68,0,358,,,,,,
2024-09-18 15:00:00,1023.10,67.0,55.7,66,0,358,,,,,,
2024-09-18 15:15:00,1023.00,68.0,54.0,61,0,176,,,,,,
2024-09-18 15:30:00,1022.70,69.0,56.3,63,0,324,,,,,,
2024-09-18 15:45:00,1022.60,69.0,56.3,63,0,257,,,,,,
2024-09-18 16:00:00,1022.50,69.0,55.9,63,0,23,,,,,,
2024-09-18 16:15:00,1022.40,71.0,55.5,58,0,342,,,,,,
2024-09-18 16:30:00,1022.50,71.0,56.4,59,0,110,,,,,,
2024-09-18 16:45:00,1022.20,71.0,56.9,60,0,108,,,,,,
2024-09-18 17:00:00,1022.10,70.0,57.2,63,0,70,,,,,,
2024-09-18 17:16:00,1022.00,71.0,57.3,61,0,5,,,,,,
2024-09-18 17:46:00,1021.70,73.0,55.4,54,0,203,,,,,,
2024-09-18 18:00:00,1021.70,73.0,56.9,56,0,203,,,,,,
2024-09-18 18:15:00,1021.50,72.0,57.3,59,0,326,,,,,,
2024-09-18 18:30:00,1021.40,73.0,55.4,54,0,63,,,,,,
2024-09-18 18:45:00,1021.20,73.0,55.4,54,0,27,,,,,,
2024-09-18 19:00:00,1021.10,72.0,55.9,57,0,15,,,,,,
2024-09-18 19:15:00,1020.90,73.0,58.7,60,0,24,,,,,,
2024-09-18 19:30:00,1020.80,72.0,58.7,62,0,275,,,,,,
2024-09-18 19:45:00,1020.70,71.0,59.5,67,0,272,,,,,,
2024-09-18 20:00:00,1020.40,70.0,58.5,67,0,272,,,,,,
2024-09-18 20:15:00,1020.20,70.0,59.4,68,0,272,,,,,,
2024-09-18 20:30:00,1020.00,70.0,59.4,68,0,272,,,,,,
2024-09-18 20:45:00,1020.00,69.0,59.2,70,0,271,,,,,,
2024-09-18 21:00:00,1020.10,69.0,58.8,70,0,271,,,,,,
2024-09-18 21:15:00,1020.10,68.0,58.6,72,0,271,,,,,,
2024-09-18 21:30:00,1020.10,68.0,58.2,71,0,264,,,,,,
2024-09-18 21:45:00,1020.20,68.0,58.6,72,0,258,,,,,,
2024-09-18 22:00:00,1020.10,67.0,57.7,72,0,257,,,,,,
2024-09-18 22:15:00,1020.10,67.0,58.0,72,0,257,,,,,,
2024-09-18 22:30:00,1020.00,66.0,57.8,74,0,257,,,,,,
2024-09-18 22:45:00,1019.90,66.0,58.6,76,0,257,,,,,,
2024-09-18 23:00:00,1019.80,65.0,57.6,77,0,257,,,,,,
2024-09-18 23:15:00,1019.70,64.0,56.6,77,0,257,,,,,,
2024-09-18 23:30:00,1019.70,64.0,57.0,78,0,257,,,,,,
2024-09-18 23:45:00,1019.60,63.0,56.0,78,0,257,,,,,,
2024-09-19 00:15:00,1019.50,64.0,57.0,78,0,257,,,,,,
2024-09-19 00:30:00,1019.50,64.0,56.6,77,0,257,,,,,,
2024-09-19 00:45:00,1019.40,64.0,56.0,75,0,0,1017.61,62.7,58.5,86,,44
2024-09-19 01:00:00,1019.30,64.0,55.5,73,0,257,,,,,,
2024-09-19 01:15:00,1019.20,64.0,55.2,72,0,257,,,,,,
2024-09-19 01:45:00,1019.20,64.0,56.0,75,0,0,1017.60,61.6,58.3,88,,44
2024-09-19 02:00:00,1019.10,64.0,55.9,74,0,257,,,,,,
2024-09-19 02:15:00,1019.00,63.0,55.7,76,0,257,,,,,,
2024-09-19 02:45:00,1018.80,62.0,55.5,79,0,0,1017.00,60.7,57.9,90,,44
2024-09-19 03:00:00,1018.50,62.0,55.4,79,0,257,,,,,,
2024-09-19 03:15:00,1018.60,61.0,55.1,80,0,257,,,,,,
2024-09-19 03:45:00,1018.40,62.0,56.1,81,0,0,1017.17,59.4,57.3,92,,44
2024-09-19 04:00:00,1018.40,62.0,55.8,79,0,257,,,,,,
2024-09-19 04:15:00,1018.40,62.0,55.8,79,0,257,,,,,,
2024-09-19 04:30:00,1018.40,62.0,56.1,81,0,257,,,,,,
2024-09-19 04:45:00,1018.40,62.0,56.5,82,0,0,1016.65,59.0,56.9,92,,44
2024-09-19 05:00:00,1018.30,62.0,56.4,82,0,257,,,,,,
2024-09-19 05:15:00,1018.10,62.0,56.4,82,0,257,,,,,,
2024-09-19 05:30:00,1018.10,62.0,56.1,81,0,257,,,,,,
2024-09-19 05:45:00,1018.00,62.0,55.8,80,0,0,1016.08,58.5,56.3,92,,44
2024-09-19 06:01:00,1017.70,62.0,56.1,81,0,257,,,,,,
2024-09-19 06:15:00,1017.60,62.0,56.4,82,0,257,,,,,,
2024-09-19 06:46:00,1017.40,62.0,56.1,81,0,0,1015.97,58.8,55.7,89,,44
2024-09-19 07:00:00,1017.30,62.0,55.8,79,0,257,,,,,,
2024-09-19 07:15:00,1017.30,62.0,55.1,78,0,255,,,,,,
2024-09-19 07:30:00,1017.20,62.0,55.1,78,0,255,,,,,,
2024-09-19 07:45:00,1017.10,62.0,55.1,78,0,0,1015.54,59.2,55.3,86,,44
2024-09-19 08:00:00,1016.90,63.0,55.3,75,0,231,,,,,,
2024-09-19 08:15:00,1016.80,62.0,54.3,75,0,216,,,,,,
2024-09-19 08:30:00,1016.70,62.0,54.7,76,0,216,,,,,,
2024-09-19 08:45:00,1016.60,61.0,54.5,79,0,0,1015.01,58.5,55.2,88,,219
2024-09-19 09:00:00,1016.70,61.0,55.1,80,0,216,,,,,,
2024-09-19 09:15:00,1016.70,60.0,54.5,82,0,216,,,,,,
2024-09-19 09:30:00,1016.70,60.0,54.8,83,0,216,,,,,,
2024-09-19 09:45:00,1016.90,60.0,55.2,84,0,0,1015.10,59.2,53.1,80,,44
2024-09-19 10:00:00,1016.90,60.0,55.1,84,0,216,,,,,,
2024-09-19 10:15:00,1016.80,60.0,55.5,84,0,216,,,,,,
2024-09-19 10:30:00,1016.90,61.0,56.8,86,0,216,,,,,,
2024-09-19 10:45:00,1016.90,61.0,56.8,86,0,0,1014.99,60.6,52.8,75,,219
2024-09-19 11:00:00,1016.80,61.0,56.8,86,0,240,,,,,,
2024-09-19 11:15:00,1017.00,61.0,56.8,86,0,240,,,,,,
2024-09-19 11:30:00,1017.20,62.0,58.1,86,0,240,,,,,,
2024-09-19 11:45:00,1017.20,63.0,58.4,85,0,0,1015.17,60.6,58.2,91,,44
2024-09-19 12:00:00,1017.20,63.0,58.4,84,0,45,,,,,,
2024-09-19 12:15:00,1017.20,64.0,59.1,83,0,1,,,,,,
2024-09-19 12:30:00,1017.20,65.0,59.4,81,0,283,,,,,,
2024-09-19 12:45:00,1017.20,65.0,59.1,81,0,0,1015.02,64.6,59.8,84,,43
2024-09-19 13:00:00,1017.20,66.0,60.0,80,0,56,,,,,,
2024-09-19 13:15:00,1017.10,67.0,60.6,80,0,62,,,,,,
2024-09-19 13:30:00,1017.10,67.0,60.6,80,0,124,,,,,,
2024-09-19 13:45:00,1017.10,68.0,60.9,77,0,282,,,,,,
2024-09-19 14:00:00,1017.10,68.0,60.9,77,0,81,,,,,,
2024-09-19 14:15:00,1016.90,69.0,60.7,74,0,286,,,,,,
2024-09-19 14:31:00,1016.70,70.0,61.3,73,1,326,,,,,,
2024-09-19 14:45:00,1016.60,71.0,61.9,73,0,113,,,,,,
2024-09-19 15:00:00,1016.50,72.0,62.5,72,0,177,,,,,,
2024-09-19 15:15:00,1016.70,73.0,62.6,69,0,92,,,,,,
2024-09-19 15:31:00,1016.50,74.0,62.3,66,0,341,,,,,,
2024-09-19 15:45:00,1016.50,73.0,61.4,66,0,38,,,,,,
2024-09-19 16:00:00,1016.50,74.0,61.9,65,1,192,,,,,,
2024-09-19 16:15:00,1016.30,74.0,61.5,64,1,359,,,,,,
2024-09-19 16:30:00,1016.30,73.0,61.0,65,1,36,,,,,,
2024-09-19 16:45:00,1016.20,74.0,61.9,65,1,228,,,,,,
2024-09-19 17:00:00,1015.80,74.0,61.0,63,1,317,,,,,,
2024-09-19 17:15:00,1015.70,75.0,62.0,64,2,46,,,,,,
2024-09-19 17:30:00,1015.50,75.0,61.5,62,1,231,,,,,,
2024-09-19 17:45:00,1015.30,75.0,62.0,64,1,102,,,,,,
2024-09-19 18:00:00,1015.00,75.0,61.5,62,0,328,,,,,,
2024-09-19 18:15:00,1014.90,76.0,62.5,63,0,223,,,,,,
2024-09-19 18:30:00,1014.90,76.0,61.6,60,0,58,,,,,,
2024-09-19 18:45:00,1014.90,76.0,60.1,58,0,143,,,,,,
2024-09-19 19:00:00,1014.80,76.0,61.1,59,0,335,,,,,,
2024-09-19 19:15:00,1014.70,76.0,61.1,59,1,80,,,,,,
2024-09-19 19:30:00,1014.70,75.0,60.6,60,0,335,,,,,,
2024-09-19 19:45:00,1014.70,76.0,60.6,59,0,321,,,,,,
2024-09-19 20:00:00,1014.60,76.0,61.1,59,0,277,,,,,,
2024-09-19 20:15:00,1014.60,76.0,60.6,59,1,46,,,,,,
2024-09-19 20:30:00,1014.60,76.0,61.1,59,0,15,,,,,,
2024-09-19 20:45:00,1014.50,76.0,61.6,60,0,296,,,,,,
2024-09-19 21:00:00,1014.50,75.0,60.1,59,0,228,,,,,,
2024-09-19 21:15:00,1014.50,74.0,59.2,60,0,224,,,,,,
2024-09-19 21:30:00,1014.50,73.0,60.5,64,0,245,,,,,,
2024-09-19 21:45:00,1014.50,71.0,59.9,67,0,240,,,,,,
2024-09-19 22:00:00,1014.50,71.0,60.7,69,0,240,,,,,,
2024-09-19 22:15:00,1014.60,70.0,59.8,69,0,233,,,,,,
2024-09-19 22:30:00,1014.50,70.0,60.1,70,0,233,,,,,,
2024-09-19 22:45:00,1014.60,69.0,59.2,70,0,231,,,,,,
2024-09-19 23:00:00,1014.80,69.0,59.6,72,0,224,,,,,,
2024-09-19 23:15:00,1014.90,69.0,59.6,72,0,254,,,,,,
2024-09-19 23:30:00,1015.10,67.0,58.0,72,0,254,,,,,,
2024-09-19 23:45:00,1015.20,66.0,57.5,74,0,252,,,,,,
2024-09-20 00:15:00,1015.20,64.0,56.3,76,0,252,,,,,,
2024-09-20 00:30:00,1015.30,64.0,56.3,76,0,252,,,,,,
2024-09-20 00:45:00,1015.40,64.0,56.7,77,0,0,1013.08,64.1,57.3,78,,220
2024-09-20 01:00:00,1015.40,64.0,56.3,76,0,248,,,,,,
2024-09-20 01:15:00,1015.40,64.0,56.3,76,0,208,,,,,,
2024-09-20 01:30:00,1015.60,64.0,56.3,76,0,234,,,,,,
2024-09-20 01:45:00,1015.60,64.0,56.7,77,0,0,1013.74,62.0,55.8,80,,44
2024-09-20 02:00:00,1015.50,64.0,57.0,78,0,335,,,,,,
2024-09-20 02:15:00,1015.40,63.0,56.4,79,0,247,,,,,,
2024-09-20 02:30:00,1015.40,62.0,55.8,79,0,247,,,,,,
2024-09-20 02:45:00,1015.30,62.0,56.5,82,0,0,1013.35,60.3,56.2,86,,44
2024-09-20 03:00:00,1015.40,61.0,55.8,83,0,247,,,,,,
2024-09-20 03:15:00,1015.40,61.0,55.5,81,0,247,,,,,,
2024-09-20 03:30:00,1015.20,61.0,55.5,81,0,247,,,,,,
2024-09-20 03:45:00,1015.20,61.0,55.5,82,0,0,1013.51,58.7,55.9,90,,44
2024-09-20 04:00:00,1015.30,61.0,55.5,81,0,247,,,,,,
2024-09-20 04:15:00,1015.40,61.0,55.5,81,0,233,,,,,,
2024-09-20 04:30:00,1015.40,61.0,55.1,80,0,86,,,,,,
2024-09-20 04:45:00,1015.50,61.0,54.8,80,0,0,1014.16,58.8,55.9,89,,44
2024-09-20 05:00:00,1015.50,60.0,54.5,82,0,87,,,,,,
2024-09-20 05:15:00,1015.50,61.0,54.4,79,0,191,,,,,,
2024-09-20 05:30:00,1015.60,61.0,54.1,78,0,264,,,,,,
2024-09-20 05:45:00,1015.70,61.0,54.2,78,0,0,1013.88,58.0,55.1,90,,44
2024-09-20 06:00:00,1015.70,61.0,54.1,78,0,243,,,,,,
2024-09-20 06:16:00,1015.80,61.0,54.4,79,0,230,,,,,,
2024-09-20 06:30:00,1015.80,61.0,54.8,79,0,230,,,,,,
2024-09-20 06:45:00,1015.70,61.0,54.8,80,0,0,1013.85,58.5,55.7,90,,43
2024-09-20 07:00:00,1015.80,61.0,54.8,79,0,331,,,,,,
2024-09-20 07:15:00,1015.90,61.0,55.1,80,0,330,,,,,,
2024-09-20 07:30:00,1016.00,61.0,55.8,83,0,317,,,,,,
2024-09-20 07:45:00,1015.90,61.0,55.8,83,0,0,1014.17,58.5,56.1,91,,43
2024-09-20 08:00:00,1015.90,61.0,56.1,84,0,316,,,,,,
2024-09-20 08:15:00,1016.00,61.0,56.8,86,0,317,,,,,,
2024-09-20 08:30:00,1016.10,61.0,56.5,84,0,316,,,,,,
2024-09-20 08:45:00,1016.10,61.0,56.5,85,0,0,1014.24,59.1,56.7,91,,218
2024-09-20 09:00:00,1016.30,61.0,56.5,84,0,325,,,,,,
2024-09-20 09:15:00,1016.40,60.0,55.8,86,0,325,,,,,,
2024-09-20 09:30:00,1016.60,60.0,56.1,87,0,325,,,,,,
2024-09-20 09:45:00,1016.80,60.0,56.1,86,0,0,1015.10,58.9,56.6,92,,44
2024-09-20 10:00:00,1016.90,59.0,56.4,90,0,307,,,,,,
2024-09-20 10:15:00,1017.10,58.0,56.0,92,0,307,,,,,,
2024-09-20 10:30:00,1017.30,58.0,56.3,93,0,70,,,,,,
2024-09-20 10:45:00,1017.30,58.0,56.2,93,0,0,1015.61,58.6,57.0,94,,44
2024-09-20 11:00:00,1017.40,58.0,56.6,94,0,55,,,,,,
2024-09-20 11:15:00,1017.50,58.0,56.6,94,0,167,,,,,,
2024-09-20 11:30:00,1017.60,58.0,56.6,94,0,232,,,,,,
2024-09-20 11:45:00,1017.70,59.0,57.2,93,0,0,1016.09,59.3,58.0,95,,44
2024-09-20 12:00:00,1017.70,59.0,57.3,93,0,285,,,,,,
2024-09-20 12:15:00,1017.80,60.0,58.3,94,0,30,,,,,,
2024-09-20 12:30:00,1017.90,60.0,58.0,93,0,289,,,,,,
2024-09-20 12:45:00,1017.90,61.0,58.9,92,0,356,1016.19,61.5,59.8,94,,77
2024-09-20 13:00:00,1018.10,61.0,58.7,92,0,27,,,,,,
2024-09-20 13:15:00,1018.30,61.0,59.0,93,0,105,,,,,,
2024-09-20 13:30:00,1018.30,61.0,59.0,93,0,81,,,,,,
2024-09-20 13:45:00,1018.50,61.0,58.7,92,0,270,,,,,,
2024-09-20 14:00:00,1018.50,61.0,58.7,92,0,34,,,,,,
2024-09-20 14:15:00,1018.60,61.0,58.7,92,0,43,,,,,,
2024-09-20 14:30:00,1018.60,61.0,58.0,89,0,358,,,,,,
2024-09-20 14:45:00,1018.60,62.0,59.0,89,0,324,,,,,,
2024-09-20 15:00:00,1018.60,63.0,59.1,86,1,1,,,,,,
2024-09-20 15:15:00,1018.50,63.0,58.7,85,1,79,,,,,,
2024-09-20 15:45:00,1018.40,64.0,59.7,85,0,13,,,,,,
2024-09-20 16:00:00,1018.40,65.0,59.7,82,1,163,,,,,,
2024-09-20 16:15:00,1018.40,65.0,59.7,82,0,338,,,,,,
2024-09-20 16:30:00,1018.40,65.0,59.4,81,0,115,,,,,,
2024-09-20 16:46:00,1018.30,65.0,59.4,81,0,254,,,,,,
2024-09-20 17:15:00,1018.20,65.0,59.7,82,0,149,,,,,,
2024-09-20 17:30:00,1018.30,64.0,59.1,83,0,285,,,,,,
2024-09-20 17:45:00,1018.10,65.0,59.4,81,0,308,,,,,,
2024-09-20 18:00:00,1017.80,65.0,59.0,80,0,16,,,,,,
2024-09-20 18:15:00,1017.70,65.0,59.4,81,0,297,,,,,,
2024-09-20 18:30:00,1017.50,65.0,59.0,80,0,304,,,,,,
2024-09-20 18:45:00,1017.40,66.0,59.3,78,0,291,,,,,,
2024-09-20 19:00:00,1017.50,66.0,60.0,80,0,304,,,,,,
2024-09-20 19:15:00,1017.50,66.0,59.3,78,0,143,,,,,,
2024-09-20 19:30:00,1017.40,67.0,59.5,76,2,22,,,,,,
2024-09-20 19:45:00,1017.50,67.0,59.9,78,0,342,,,,,,
2024-09-20 20:00:00,1017.40,67.0,59.9,78,0,233,,,,,,
2024-09-20 20:15:00,1017.60,66.0,60.0,80,0,41,,,,,,
2024-09-20 20:30:00,1017.70,65.0,59.0,80,1,326,,,,,,
2024-09-20 20:45:00,1017.80,65.0,59.4,81,0,11,,,,,,
2024-09-20 21:00:00,1017.90,64.0,58.4,82,0,71,,,,,,
2024-09-20 21:15:00,1018.20,64.0,58.7,83,0,281,,,,,,
2024-09-20 21:30:00,1018.30,64.0,59.1,83,0,44,,,,,,
2024-09-20 21:45:00,1018.40,63.0,58.1,83,0,305,,,,,,
2024-09-20 22:00:00,1018.40,63.0,58.1,83,0,274,,,,,,
2024-09-20 22:15:00,1018.60,63.0,58.1,83,0,340,,,,,,
2024-09-20 22:30:00,1018.60,63.0,58.4,84,0,282,,,,,,
2024-09-20 22:45:00,1018.70,62.0,57.4,84,0,63,,,,,,
2024-09-20 23:00:00,1018.70,62.0,57.8,85,0,40,,,,,,
2024-09-20 23:15:00,1018.80,62.0,57.8,85,0,307,,,,,,
2024-09-20 23:30:00,1018.90,61.0,57.1,87,0,219,,,,,,
2024-09-20 23:45:00,1019.00,61.0,57.4,88,0,24,,,,,,
2024-09-21 00:15:00,1019.20,60.0,56.7,88,0,214,,,,,,
2024-09-21 00:30:00,1019.40,60.0,56.7,88,0,43,,,,,,
2024-09-21 00:45:00,1019.50,60.0,56.7,88,0,0,1017.90,60.7,58.2,91,,43
2024-09-21 01:00:00,1019.50,60.0,56.7,88,0,32,,,,,,
2024-09-21 01:15:00,1019.60,60.0,56.7,88,0,350,,,,,,
2024-09-21 01:30:00,1019.70,59.0,56.1,90,0,209,,,,,,
2024-09-21 01:45:00,1019.70,59.0,56.0,89,0,0,1017.90,60.4,56.3,86,,43
2024-09-21 02:00:00,1019.60,59.0,56.1,90,0,57,,,,,,
2024-09-21 02:15:00,1019.60,59.0,56.7,92,0,351,,,,,,
2024-09-21 02:30:00,1019.70,58.0,55.7,92,0,344,,,,,,
2024-09-21 02:45:00,1019.70,58.0,56.0,92,0,0,1018.01,59.9,57.4,91,,43
2024-09-21 03:00:00,1019.60,58.0,56.0,92,0,74,,,,,,
2024-09-21 03:15:00,1019.50,58.0,56.3,93,0,244,,,,,,
2024-09-21 03:30:00,1019.50,58.0,56.0,92,0,275,,,,,,
2024-09-21 03:45:00,1019.30,58.0,56.0,92,0,0,1017.76,59.6,55.4,85,,220
2024-09-21 04:00:00,1019.30,58.0,56.0,92,0,332,,,,,,
2024-09-21 04:15:00,1019.10,58.0,56.3,93,0,27,,,,,,
2024-09-21 04:45:00,1019.30,58.0,56.0,92,0,0,1017.61,59.3,54.9,85,,149
2024-09-21 05:15:00,1019.30,57.0,55.0,92,0,328,,,,,,
2024-09-21 05:30:00,1019.30,57.0,54.7,92,0,40,,,,,,
2024-09-21 05:45:00,1019.40,57.0,54.4,90,0,0,1017.79,58.8,55.9,90,,41
2024-09-21 06:00:00,1019.40,57.0,54.4,91,0,248,,,,,,
2024-09-21 06:15:00,1019.40,57.0,54.4,91,0,293,,,,,,
2024-09-21 06:30:00,1019.30,57.0,54.4,91,0,77,,,,,,
2024-09-21 06:45:00,1019.40,57.0,54.4,90,0,0,1017.97,58.1,55.3,90,,44
2024-09-21 07:00:00,1019.30,57.0,54.4,91,0,281,,,,,,
2024-09-21 07:15:00,1019.20,57.0,54.1,89,0,273,,,,,,
2024-09-21 07:31:00,1019.20,57.0,54.1,89,0,309,,,,,,
2024-09-21 07:45:00,1019.10,57.0,53.5,87,0,0,1017.58,57.6,55.2,91,,44
2024-09-21 07:46:00,1019.10,57.0,53.5,88,0,338,,,,,,
2024-09-21 08:00:00,1019.00,57.0,53.2,87,0,311,,,,,,
2024-09-21 08:15:00,1018.90,57.0,53.2,87,0,68,,,,,,
2024-09-21 08:30:00,1018.90,57.0,53.2,87,0,94,,,,,,
2024-09-21 08:45:00,1018.90,57.0,52.9,85,0,132,1017.12,57.6,54.4,89,,75
2024-09-21 08:46:00,1018.90,57.0,52.9,85,0,132,,,,,,
2024-09-21 09:01:00,1018.90,57.0,52.5,84,0,69,,,,,,
2024-09-21 09:15:00,1019.00,57.0,52.5,84,0,294,,,,,,
2024-09-21 09:30:00,1019.10,57.0,52.5,84,0,23,,,,,,
2024-09-21 09:45:00,1019.10,57.0,52.5,85,0,0,1017.43,56.5,53.9,90,,43
2024-09-21 10:00:00,1019.10,57.0,52.5,84,0,349,,,,,,
2024-09-21 10:31:00,1019.30,57.0,52.5,84,0,311,,,,,,
2024-09-21 10:45:00,1019.40,56.0,51.6,85,0,0,1017.71,56.1,53.5,90,,149
2024-09-21 11:00:00,1019.50,56.0,51.9,85,0,277,,,,,,
2024-09-21 11:15:00,1019.70,56.0,51.9,85,0,63,,,,,,
2024-09-21 11:30:00,1019.80,56.0,51.9,85,0,273,,,,,,
2024-09-21 11:45:00,1019.70,56.0,51.6,85,0,269,1017.83,57.0,53.9,89,,177
2024-09-21 12:00:00,1019.80,56.0,51.5,84,0,338,,,,,,
2024-09-21 12:15:00,1019.70,56.0,51.5,84,0,16,,,,,,
2024-09-21 12:30:00,1019.80,57.0,52.9,85,0,24,,,,,,
2024-09-21 12:45:00,1019.70,57.0,52.5,85,0,0,1018.13,59.3,54.7,84,,220
2024-09-21 13:00:00,1019.80,58.0,53.2,83,0,122,,,,,,
2024-09-21 13:15:00,1019.90,58.0,52.9,82,0,349,,,,,,
2024-09-21 13:30:00,1020.00,58.0,52.9,82,0,157,,,,,,
2024-09-21 13:45:00,1020.00,59.0,53.5,81,0,38,,,,,,
2024-09-21 14:00:00,1019.90,60.0,53.8,80,0,248,,,,,,
2024-09-21 14:15:00,1019.90,60.0,53.8,80,2,14,,,,,,
2024-09-21 14:30:00,1019.80,61.0,54.1,78,0,278,,,,,,
2024-09-21 14:45:00,1019.90,60.0,52.4,75,2,3,,,,,,
2024-09-21 15:00:00,1019.90,61.0,53.7,76,1,39,,,,,,
2024-09-21 15:15:00,1019.70,61.0,53.4,76,0,64,,,,,,
2024-09-21 15:30:00,1019.50,61.0,53.4,76,1,61,,,,,,
2024-09-21 15:45:00,1019.40,62.0,53.2,72,1,314,,,,,,
2024-09-21 16:00:00,1019.30,62.0,52.9,71,1,268,,,,,,
2024-09-21 16:15:00,1019.20,62.0,53.2,72,1,335,,,,,,
2024-09-21 16:30:00,1019.20,62.0,53.2,72,0,295,,,,,,
2024-09-21 16:45:00,1019.10,62.0,53.2,72,0,323,,,,,,
2024-09-21 17:00:00,1018.90,62.0,52.9,71,1,85,,,,,,
2024-09-21 17:15:00,1018.80,62.0,52.9,71,1,317,,,,,,
2024-09-21 17:31:00,1018.70,63.0,53.1,70,1,219,,,,,,
2024-09-21 17:45:00,1018.50,64.0,54.0,69,0,49,,,,,,
2024-09-21 18:00:00,1018.30,64.0,54.8,72,0,210,,,,,,
2024-09-21 18:15:00,1018.30,64.0,54.8,72,0,59,,,,,,
2024-09-21 18:30:00,1018.20,64.0,55.2,72,0,218,,,,,,
2024-09-21 18:45:00,1018.20,63.0,54.2,72,0,45,,,,,,
2024-09-21 19:00:00,1018.30,62.0,54.0,74,0,57,,,,,,
2024-09-21 19:15:00,1018.30,62.0,53.6,73,0,44,,,,,,
2024-09-21 19:30:00,1018.30,62.0,54.3,75,0,191,,,,,,
2024-09-21 19:45:00,1018.40,62.0,54.7,76,0,226,,,,,,
2024-09-21 20:00:00,1018.30,62.0,54.3,75,0,217,,,,,,
2024-09-21 20:15:00,1018.40,62.0,54.0,74,0,52,,,,,,
2024-09-21 20:45:00,1018.30,61.0,52.6,74,0,282,,,,,,
2024-09-21 21:01:00,1018.20,61.0,53.4,76,0,219,,,,,,
2024-09-21 21:15:00,1018.30,61.0,54.1,78,0,226,,,,,,
2024-09-21 21:31:00,1018.30,60.0,53.5,78,0,224,,,,,,
2024-09-21 21:45:00,1018.30,60.0,53.8,80,0,12,,,,,,
2024-09-21 22:00:00,1018.50,60.0,53.5,78,0,44,,,,,,
2024-09-21 22:15:00,1018.50,60.0,53.1,78,0,238,,,,,,
2024-09-21 22:30:00,1018.50,59.0,52.5,78,0,172,,,,,,
2024-09-21 22:45:00,1018.60,58.0,51.5,78,0,324,,,,,,
2024-09-21 23:01:00,1018.70,57.0,51.2,81,0,233,,,,,,
2024-09-21 23:15:00,1018.60,57.0,52.2,83,0,233,,,,,,
2024-09-21 23:45:00,1018.90,55.0,50.9,86,0,243,,,,,,
2024-09-22 00:16:00,1019.00,55.0,51.5,87,0,257,,,,,,
2024-09-22 00:30:00,1019.10,55.0,51.5,87,0,257,,,,,,
2024-09-22 00:45:00,1019.10,55.0,51.5,87,0,0,1017.42,54.4,51.9,91,,44
2024-09-22 01:00:00,1019.20,54.0,50.5,88,0,257,,,,,,
2024-09-22 01:15:00,1019.10,54.0,50.8,88,0,263,,,,,,
2024-09-22 01:30:00,1019.10,54.0,50.8,88,0,260,,,,,,
2024-09-22 01:45:00,1019.20,54.0,50.8,88,0,0,1017.43,53.9,52.8,95,,44
2024-09-22 02:00:00,1019.30,54.0,50.8,88,0,290,,,,,,
2024-09-22 02:15:00,1019.10,54.0,51.1,89,0,290,,,,,,
2024-09-22 02:30:00,1019.10,54.0,51.1,89,0,328,,,,,,
2024-09-22 02:45:00,1019.20,54.0,51.1,89,0,0,1017.48,54.0,51.7,91,,218
2024-09-22 03:00:00,1019.20,54.0,51.1,89,0,245,,,,,,
2024-09-22 03:15:00,1019.10,54.0,51.1,89,0,245,,,,,,
2024-09-22 03:30:00,1019.00,54.0,51.4,90,0,245,,,,,,
2024-09-22 03:45:00,1018.80,53.0,50.4,90,0,0,1017.37,52.9,51.9,96,,44
2024-09-22 04:00:00,1018.80,53.0,50.7,92,0,245,,,,,,
2024-09-22 04:15:00,1018.90,53.0,51.0,93,0,245,,,,,,
2024-09-22 04:30:00,1018.90,52.0,50.0,93,0,245,,,,,,
2024-09-22 04:45:00,1018.90,52.0,50.0,92,0,0,1017.36,51.6,51.0,97,,44
2024-09-22 05:00:00,1018.70,52.0,50.3,94,0,245,,,,,,
2024-09-22 05:15:00,1018.60,52.0,50.3,94,0,245,,,,,,
2024-09-22 05:30:00,1018.60,52.0,50.3,94,0,245,,,,,,
2024-09-22 05:45:00,1018.60,52.0,50.3,93,0,0,1017.08,51.5,50.9,97,,44
2024-09-22 06:00:00,1018.60,52.0,50.3,94,0,245,,,,,,
2024-09-22 06:15:00,1018.60,52.0,50.3,94,0,245,,,,,,
2024-09-22 06:30:00,1018.50,52.0,50.3,94,0,245,,,,,,
2024-09-22 06:45:00,1018.40,51.0,49.3,93,0,0,1016.66,51.4,50.4,96,,44
2024-09-22 07:00:00,1018.40,51.0,49.3,93,0,245,,,,,,
2024-09-22 07:15:00,1018.30,51.0,49.3,93,0,245,,,,,,
2024-09-22 07:30:00,1018.30,51.0,49.6,95,0,245,,,,,,
2024-09-22 07:45:00,1018.40,51.0,49.3,93,0,0,1016.88,50.2,49.5,97,,44
2024-09-22 08:00:00,1018.20,51.0,49.6,95,0,245,,,,,,
2024-09-22 08:15:00,1018.20,51.0,49.6,95,0,245,,,,,,
2024-09-22 08:30:00,1018.20,51.0,49.6,95,0,245,,,,,,
2024-09-22 08:45:00,1018.20,51.0,49.6,94,0,0,1016.44,49.9,49.2,97,,44
2024-09-22 09:00:00,1018.40,51.0,49.6,95,0,245,,,,,,
2024-09-22 09:15:00,1018.50,51.0,49.6,95,0,245,,,,,,
2024-09-22 09:30:00,1018.60,51.0,49.6,95,0,245,,,,,,
2024-09-22 09:45:00,1018.70,51.0,49.3,93,0,0,1016.98,50.0,48.8,95,,44
2024-09-22 10:00:00,1018.70,51.0,49.3,93,0,245,,,,,,
2024-09-22 10:16:00,1019.00,51.0,49.3,93,0,245,,,,,,
2024-09-22 10:30:00,1019.20,52.0,50.3,94,0,245,,,,,,
2024-09-22 10:45:00,1019.30,51.0,49.3,93,0,0,1017.75,50.4,49.1,95,,44
2024-09-22 11:00:00,1019.40,52.0,50.6,94,0,245,,,,,,
2024-09-22 11:15:00,1019.30,52.0,50.3,94,0,245,,,,,,
2024-09-22 11:31:00,1019.30,52.0,50.3,94,0,245,,,,,,
2024-09-22 11:45:00,1019.40,52.0,50.0,92,0,0,1018.21,51.5,50.0,94,,44
2024-09-22 12:00:00,1019.70,53.0,51.3,94,0,274,,,,,,
2024-09-22 12:15:00,1019.80,52.0,50.3,94,0,274,,,,,,
2024-09-22 12:30:00,1019.80,53.0,51.0,93,0,325,,,,,,
2024-09-22 12:45:00,1019.90,53.0,50.4,90,0,0,1018.08,53.5,51.8,93,,44
2024-09-22 13:00:00,1020.00,54.0,51.1,89,0,328,,,,,,
2024-09-22 13:15:00,1020.10,55.0,51.8,89,0,39,,,,,,
2024-09-22 13:30:00,1020.10,55.0,51.5,87,0,142,,,,,,
2024-09-22 13:45:00,1020.30,57.0,52.2,83,0,234,,,,,,
2024-09-22 14:00:00,1020.50,58.0,51.9,79,0,207,,,,,,
2024-09-22 14:15:00,1020.40,58.0,52.2,80,0,297,,,,,,
2024-09-22 14:30:00,1020.70,58.0,51.5,78,0,349,,,,,,
2024-09-22 14:45:00,1020.60,58.0,51.5,78,0,214,,,,,,
2024-09-22 15:00:00,1020.40,58.0,51.2,78,0,44,,,,,,
2024-09-22 15:15:00,1020.00,59.0,52.5,78,0,78,,,,,,
2024-09-22 15:30:00,1019.90,60.0,52.8,76,0,72,,,,,,
2024-09-22 15:45:00,1019.80,60.0,52.8,76,0,216,,,,,,
2024-09-22 16:00:00,1019.80,61.0,53.4,76,0,27,,,,,,
2024-09-22 16:15:00,1019.80,60.0,52.8,76,0,8,,,,,,
2024-09-22 16:30:00,1019.80,61.0,53.0,74,0,27,,,,,,
2024-09-22 16:45:00,1019.90,61.0,53.0,74,1,46,,,,,,
2024-09-22 17:00:00,1019.70,61.0,53.0,74,0,238,,,,,,
2024-09-22 17:15:00,1019.40,62.0,52.9,71,0,197,,,,,,
2024-09-22 17:30:00,1019.30,62.0,51.7,69,0,342,,,,,,
2024-09-22 17:45:00,1019.30,63.0,52.3,68,0,219,,,,,,
2024-09-22 18:00:00,1019.30,63.0,51.9,66,2,330,,,,,,
2024-09-22 18:15:00,1019.30,63.0,51.0,64,0,191,,,,,,
2024-09-22 18:30:00,1019.40,63.0,51.0,64,0,334,,,,,,
2024-09-22 18:45:00,1019.20,63.0,50.2,62,0,26,,,,,,
2024-09-22 19:00:00,1019.20,63.0,51.5,66,0,178,,,,,,
2024-09-22 19:15:00,1019.20,63.0,50.6,63,1,205,,,,,,
2024-09-22 19:30:00,1019.40,63.0,51.5,66,0,202,,,,,,
2024-09-22 19:45:00,1019.30,63.0,51.0,64,0,33,,,,,,
2024-09-22 20:00:00,1019.30,63.0,51.5,66,0,132,,,,,,
2024-09-22 20:15:00,1019.30,63.0,51.9,66,0,98,,,,,,
2024-09-22 20:30:00,1019.40,62.0,51.7,69,0,41,,,,,,
2024-09-22 20:45:00,1019.40,62.0,50.9,66,0,248,,,,,,
2024-09-22 21:00:00,1019.70,62.0,52.1,70,0,71,,,,,,
2024-09-22 21:15:00,1019.70,61.0,51.5,71,0,49,,,,,,
2024-09-22 21:31:00,1019.80,61.0,51.1,69,0,203,,,,,,
2024-09-22 21:45:00,1019.70,60.0,50.9,71,0,65,,,,,,
2024-09-22 22:00:00,1019.70,60.0,51.3,73,0,220,,,,,,
2024-09-22 22:15:00,1019.90,59.0,51.1,74,0,35,,,,,,
2024-09-22 22:30:00,1020.00,58.0,50.5,76,0,238,,,,,,
2024-09-22 22:45:00,1020.10,58.0,50.8,77,0,176,,,,,,
2024-09-22 23:00:00,1020.30,57.0,50.2,78,0,335,,,,,,
2024-09-22 23:15:00,1020.40,57.0,50.2,78,0,115,,,,,,
2024-09-22 23:45:00,1020.80,56.0,48.9,76,0,254,,,,,,
2024-09-23 00:15:00,1021.20,55.0,48.6,79,0,191,,,,,,
2024-09-23 00:31:00,1021.20,54.0,48.0,79,0,241,,,,,,
2024-09-23 00:45:00,1021.40,53.0,48.0,83,0,0,1019.62,53.1,48.2,83,,44
2024-09-23 01:01:00,1021.40,52.0,47.3,84,0,241,,,,,,
2024-09-23 01:15:00,1021.50,52.0,47.3,84,0,240,,,,,,
2024-09-23 01:31:00,1021.60,52.0,47.0,83,0,240,,,,,,
2024-09-23 01:45:00,1021.50,51.0,46.0,83,0,0,1020.00,50.8,48.1,90,,44
2024-09-23 02:01:00,1021.50,51.0,46.3,84,0,240,,,,,,
2024-09-23 02:15:00,1021.50,51.0,46.6,84,0,240,,,,,,
2024-09-23 02:30:00,1021.30,50.0,46.0,86,0,240,,,,,,
2024-09-23 02:45:00,1021.30,50.0,46.3,86,0,0,1019.58,49.4,47.5,93,,218
2024-09-23 03:00:00,1021.50,50.0,46.3,86,0,241,,,,,,
2024-09-23 03:15:00,1021.50,50.0,46.3,86,0,240,,,,,,
2024-09-23 03:30:00,1021.40,50.0,46.3,86,0,240,,,,,,
2024-09-23 03:45:00,1021.40,50.0,46.3,86,0,0,1019.99,49.5,47.1,91,,146
2024-09-23 04:00:00,1021.30,50.0,46.3,86,0,240,,,,,,
2024-09-23 04:15:00,1021.30,50.0,46.0,86,0,238,,,,,,
2024-09-23 04:30:00,1021.20,50.0,46.3,86,0,239,,,,,,
2024-09-23 04:45:00,1021.00,50.0,46.3,86,0,0,1019.38,48.5,47.3,95,,43
2024-09-23 05:00:00,1021.20,49.0,45.6,87,0,246,,,,,,
2024-09-23 05:15:00,1021.00,49.0,45.9,88,0,246,,,,,,
2024-09-23 05:30:00,1021.00,49.0,46.2,90,0,246,,,,,,
2024-09-23 05:45:00,1021.00,49.0,46.2,89,0,0,1019.19,47.6,46.3,95,,44
2024-09-23 06:00:00,1020.90,48.0,45.2,90,0,246,,,,,,
2024-09-23 06:15:00,1020.70,48.0,45.5,91,0,246,,,,,,
2024-09-23 06:30:00,1020.70,48.0,45.5,91,0,246,,,,,,
2024-09-23 06:45:00,1020.70,48.0,45.5,90,0,0,1019.24,46.9,45.9,96,,44
2024-09-23 07:00:00,1020.70,48.0,45.5,91,0,246,,,,,,
2024-09-23 07:15:00,1020.70,48.0,45.5,91,0,246,,,,,,
2024-09-23 07:30:00,1020.70,48.0,45.5,91,0,246,,,,,,
2024-09-23 07:45:00,1020.60,48.0,45.5,90,0,0,1019.22,46.9,45.6,95,,44
2024-09-23 08:00:00,1020.60,48.0,45.5,91,0,246,,,,,,
2024-09-23 08:15:00,1020.50,48.0,45.5,91,0,246,,,,,,
2024-09-23 08:30:00,1020.50,48.0,45.5,91,0,246,,,,,,
2024-09-23 08:45:00,1020.40,48.0,45.5,90,0,0,1018.67,46.0,45.2,96,,44
2024-09-23 09:00:00,1020.50,48.0,45.5,91,0,246,,,,,,
2024-09-23 09:15:00,1020.50,48.0,45.5,91,0,246,,,,,,
2024-09-23 09:30:00,1020.60,47.0,44.8,92,0,246,,,,,,
2024-09-23 09:45:00,1020.50,47.0,44.8,91,0,0,1018.81,45.7,44.7,96,,44
2024-09-23 10:00:00,1020.60,47.0,44.8,92,0,246,,,,,,
2024-09-23 10:15:00,1020.60,47.0,44.5,90,0,246,,,,,,
2024-09-23 10:30:00,1020.70,47.0,44.8,92,0,246,,,,,,
2024-09-23 10:45:00,1020.90,47.0,44.5,90,0,0,1019.24,45.2,44.3,96,,44
2024-09-23 11:00:00,1020.90,47.0,45.1,92,0,246,,,,,,
2024-09-23 11:15:00,1020.90,47.0,45.4,93,0,246,,,,,,
2024-09-23 11:30:00,1021.10,48.0,46.1,92,0,246,,,,,,
2024-09-23 11:45:00,1021.20,49.0,46.7,91,0,0,1019.58,47.3,45.8,94,,44
2024-09-23 12:00:00,1021.30,50.0,47.5,91,0,246,,,,,,
2024-09-23 12:15:00,1021.30,50.0,46.6,88,0,101,,,,,,
2024-09-23 12:30:00,1021.50,51.0,47.6,87,0,101,,,,,,
2024-09-23 12:45:00,1021.60,51.0,47.5,87,0,0,1020.43,51.6,48.4,88,,44
2024-09-23 12:46:00,1021.60,51.0,47.6,87,0,101,,,,,,
2024-09-23 13:00:00,1021.80,51.0,47.0,85,0,41,,,,,,
2024-09-23 13:15:00,1021.80,52.0,47.6,84,0,20,,,,,,
2024-09-23 13:30:00,1021.90,53.0,48.9,85,0,318,,,,,,
2024-09-23 13:45:00,1021.90,53.0,48.9,85,0,169,,,,,,
2024-09-23 14:01:00,1022.10,53.0,48.9,85,0,202,,,,,,
2024-09-23 14:15:00,1022.00,54.0,49.6,84,0,47,,,,,,
2024-09-23 14:30:00,1021.80,54.0,49.6,84,0,204,,,,,,
2024-09-23 14:45:00,1021.80,54.0,49.3,83,0,38,,,,,,
2024-09-23 15:00:00,1021.70,55.0,49.6,81,0,227,,,,,,
2024-09-23 15:15:00,1021.70,56.0,50.6,81,0,38,,,,,,
2024-09-23 15:30:00,1021.80,57.0,49.9,76,0,263,,,,,,
2024-09-23 15:45:00,1021.70,58.0,49.8,74,1,233,,,,,,
2024-09-23 16:00:00,1021.60,58.0,49.8,74,2,22,,,,,,
2024-09-23 16:15:00,1021.50,58.0,50.1,75,1,108,,,,,,
2024-09-23 16:30:00,1021.40,58.0,49.8,74,0,46,,,,,,
2024-09-23 16:45:00,1021.20,59.0,50.4,72,0,248,,,,,,
2024-09-23 17:00:00,1021.10,58.0,49.0,71,0,233,,,,,,
2024-09-23 17:15:00,1021.10,59.0,49.2,70,0,238,,,,,,
2024-09-23 17:30:00,1020.80,59.0,50.4,72,0,264,,,,,,
2024-09-23 17:45:00,1020.80,59.0,50.4,72,0,11,,,,,,
2024-09-23 18:00:00,1020.50,59.0,50.4,72,0,215,,,,,,
2024-09-23 18:15:00,1020.60,59.0,49.2,70,0,308,,,,,,
2024-09-23 18:30:00,1020.30,60.0,49.8,69,0,322,,,,,,
2024-09-23 18:45:00,1020.40,60.0,49.4,67,0,231,,,,,,
2024-09-23 19:00:00,1020.40,60.0,50.9,71,0,87,,,,,,
2024-09-23 19:15:00,1020.30,59.0,50.0,71,0,266,,,,,,
2024-09-23 19:30:00,1020.60,60.0,49.8,69,0,67,,,,,,
2024-09-23 19:45:00,1020.40,59.0,50.4,72,0,341,,,,,,
2024-09-23 20:00:00,1020.60,59.0,50.7,73,0,34,,,,,,
2024-09-23 20:15:00,1020.70,59.0,50.0,71,1,39,,,,,,
2024-09-23 20:30:00,1020.80,60.0,50.2,69,0,210,,,,,,
2024-09-23 20:45:00,1020.70,59.0,50.0,71,0,257,,,,,,
2024-09-23 21:00:00,1020.70,59.0,50.4,72,0,233,,,,,,
2024-09-23 21:15:00,1020.80,58.0,50.1,75,0,133,,,,,,
2024-09-23 21:30:00,1020.60,58.0,50.5,76,0,237,,,,,,
2024-09-23 21:45:00,1020.70,57.0,49.5,76,0,228,,,,,,
2024-09-23 22:00:00,1020.90,57.0,50.2,78,0,223,,,,,,
2024-09-23 22:15:00,1020.90,56.0,49.6,79,0,224,,,,,,
2024-09-23 22:30:00,1021.10,56.0,50.2,80,0,243,,,,,,
2024-09-23 22:45:00,1021.00,55.0,49.6,81,0,243,,,,,,
2024-09-23 23:00:00,1021.20,55.0,49.9,82,0,243,,,,,,
2024-09-23 23:15:00,1021.20,55.0,50.2,83,0,243,,,,,,
2024-09-23 23:30:00,1021.20,54.0,49.6,84,0,243,,,,,,
2024-09-23 23:45:00,1021.40,54.0,49.6,84,0,352,,,,,,
2024-09-24 00:15:00,1021.80,54.0,49.9,86,0,352,,,,,,
2024-09-24 00:30:00,1021.60,53.0,48.9,85,0,352,,,,,,
2024-09-24 00:45:00,1021.70,53.0,48.9,85,0,0,1020.21,54.1,50.9,88,,44
2024-09-24 01:00:00,1021.70,53.0,49.2,86,0,233,,,,,,
2024-09-24 01:15:00,1021.90,53.0,49.2,86,0,345,,,,,,
2024-09-24 01:30:00,1021.80,53.0,49.2,86,0,345,,,,,,
2024-09-24 01:45:00,1021.70,52.0,48.5,87,0,0,1020.08,52.8,50.3,91,,44
2024-09-24 02:00:00,1022.00,52.0,48.9,89,0,259,,,,,,
2024-09-24 02:15:00,1022.00,51.0,47.9,88,0,259,,,,,,
2024-09-24 02:30:00,1022.00,50.0,47.2,89,0,259,,,,,,
2024-09-24 02:45:00,1021.80,50.0,47.1,89,0,0,1020.21,50.2,48.3,93,,44
2024-09-24 03:00:00,1021.90,50.0,47.5,91,0,257,,,,,,
2024-09-24 03:15:00,1022.00,50.0,47.5,91,0,258,,,,,,
2024-09-24 03:30:00,1022.20,49.0,46.8,92,0,258,,,,,,
2024-09-24 03:45:00,1022.20,49.0,46.7,91,0,0,1020.46,49.1,47.5,94,,44
2024-09-24 04:00:00,1022.30,49.0,46.8,92,0,255,,,,,,
2024-09-24 04:15:00,1022.30,49.0,47.1,92,0,255,,,,,,
2024-09-24 04:30:00,1022.40,48.0,46.1,92,0,255,,,,,,
2024-09-24 04:45:00,1022.40,48.0,46.3,93,0,0,1020.63,47.2,46.4,96,,43
2024-09-24 05:00:00,1022.30,48.0,46.4,94,0,255,,,,,,
2024-09-24 05:15:00,1022.40,48.0,46.4,94,0,255,,,,,,
2024-09-24 05:30:00,1022.40,48.0,46.4,94,0,255,,,,,,
2024-09-24 05:45:00,1022.50,48.0,46.3,93,0,0,1020.92,46.5,45.7,96,,44
2024-09-24 06:15:00,1022.50,47.0,45.4,93,0,255,,,,,,
2024-09-24 06:31:00,1022.60,47.0,45.6,94,0,255,,,,,,
2024-09-24 06:45:00,1022.50,47.0,45.6,94,0,0,1020.77,46.0,45.1,96,,44
2024-09-24 07:00:00,1022.50,47.0,45.6,94,0,255,,,,,,
2024-09-24 07:15:00,1022.40,46.0,44.6,95,0,255,,,,,,
2024-09-24 07:30:00,1022.30,47.0,45.6,94,0,255,,,,,,
2024-09-24 07:45:00,1022.40,47.0,45.6,94,0,0,1020.94,45.3,44.7,97,,44
2024-09-24 08:00:00,1022.20,47.0,45.6,94,0,255,,,,,,
2024-09-24 08:15:00,1022.10,47.0,45.6,94,0,255,,,,,,
2024-09-24 08:30:00,1022.30,47.0,45.6,94,0,255,,,,,,
2024-09-24 08:45:00,1022.50,47.0,45.6,94,0,0,1021.06,45.2,44.2,96,,44
2024-09-24 09:00:00,1022.60,46.0,44.6,95,0,255,,,,,,
2024-09-24 09:15:00,1022.70,46.0,44.6,95,0,255,,,,,,
2024-09-24 09:30:00,1023.00,46.0,44.6,95,0,255,,,,,,
2024-09-24 09:45:00,1023.00,46.0,44.6,94,0,0,1021.31,45.3,44.3,96,,44
2024-09-24 10:00:00,1023.10,46.0,44.9,95,0,255,,,,,,
2024-09-24 10:15:00,1023.20,47.0,45.9,96,0,255,,,,,,
2024-09-24 10:30:00,1023.30,47.0,45.9,96,0,255,,,,,,
2024-09-24 10:45:00,1023.40,47.0,45.6,94,0,0,1021.74,45.6,44.8,97,,44
2024-09-24 11:00:00,1023.50,46.0,44.6,95,0,255,,,,,,
2024-09-24 11:15:00,1023.80,46.0,44.6,95,0,255,,,,,,
2024-09-24 11:30:00,1023.90,46.0,44.9,95,0,255,,,,,,
2024-09-24 11:45:00,1024.00,46.0,44.9,95,0,0,1022.28,46.7,45.6,95,,44
2024-09-24 12:00:00,1024.10,47.0,45.9,96,0,255,,,,,,
2024-09-24 12:15:00,1024.20,48.0,46.9,95,0,42,,,,,,
2024-09-24 12:30:00,1024.40,48.0,46.6,95,0,45,,,,,,
2024-09-24 12:45:00,1024.40,49.0,47.0,92,0,335,1022.64,49.8,48.4,94,,77
2024-09-24 13:00:00,1024.30,50.0,48.1,93,0,221,,,,,,
2024-09-24 13:15:00,1024.30,49.0,47.1,92,0,217,,,,,,
2024-09-24 13:30:00,1024.30,49.0,46.8,92,0,359,,,,,,
2024-09-24 13:45:00,1024.40,50.0,47.5,91,3,22,,,,,,
2024-09-24 14:00:00,1024.50,50.0,47.2,89,1,271,,,,,,
2024-09-24 14:15:00,1024.60,51.0,47.6,87,0,236,,,,,,
2024-09-24 14:30:00,1024.70,51.0,47.6,87,0,15,,,,,,
2024-09-24 14:45:00,1024.70,53.0,48.9,85,0,319,,,,,,
2024-09-24 15:00:00,1024.50,54.0,49.3,83,1,51,,,,,,
2024-09-24 15:16:00,1024.40,54.0,49.3,83,0,63,,,,,,
2024-09-24 15:30:00,1024.40,55.0,49.6,81,0,245,,,,,,
2024-09-24 15:45:00,1024.20,55.0,49.3,81,0,250,,,,,,
2024-09-24 16:00:00,1024.10,56.0,49.2,78,0,245,,,,,,
2024-09-24 16:15:00,1024.10,56.0,49.2,78,0,28,,,,,,
2024-09-24 16:30:00,1024.20,56.0,48.5,75,0,352,,,,,,
2024-09-24 17:01:00,1024.00,57.0,49.5,76,0,37,,,,,,
2024-09-24 17:15:00,1023.80,57.0,49.5,76,0,222,,,,,,
2024-09-24 17:30:00,1023.80,57.0,49.5,76,0,24,,,,,,
2024-09-24 17:45:00,1023.70,58.0,49.8,74,0,15,,,,,,
2024-09-24 18:00:00,1023.80,58.0,49.8,74,0,239,,,,,,
2024-09-24 18:15:00,1023.80,58.0,49.8,74,0,42,,,,,,
2024-09-24 18:30:00,1023.70,58.0,49.8,74,0,21,,,,,,
2024-09-24 18:45:00,1023.70,59.0,50.0,71,0,356,,,,,,
2024-09-24 19:00:00,1023.60,58.0,49.8,74,0,62,,,,,,
2024-09-24 19:15:00,1023.70,59.0,50.7,73,0,26,,,,,,
2024-09-24 19:30:00,1023.80,59.0,50.7,73,0,60,,,,,,
2024-09-24 19:45:00,1023.60,58.0,50.1,75,0,231,,,,,,
2024-09-24 20:00:00,1023.50,59.0,50.7,73,0,257,,,,,,
2024-09-24 20:15:00,1023.40,59.0,50.7,73,0,69,,,,,,
2024-09-24 20:30:00,1023.50,58.0,50.1,75,0,38,,,,,,
2024-09-24 20:45:00,1023.40,58.0,50.8,77,0,328,,,,,,
2024-09-24 21:00:00,1023.10,58.0,51.2,78,0,59,,,,,,
2024-09-24 21:15:00,1023.30,58.0,50.5,76,0,245,,,,,,
2024-09-24 21:30:00,1023.30,58.0,50.8,77,0,232,,,,,,
2024-09-24 21:45:00,1023.30,57.0,50.5,78,0,232,,,,,,
2024-09-24 22:00:00,1023.40,56.0,50.9,83,0,232,,,,,,
2024-09-24 22:15:00,1023.30,55.0,50.2,83,0,232,,,,,,
2024-09-24 22:30:00,1023.30,55.0,50.6,84,0,232,,,,,,
2024-09-24 22:45:00,1023.20,54.0,50.2,87,0,232,,,,,,
2024-09-24 23:00:00,1023.50,54.0,50.5,88,0,232,,,,,,
2024-09-24 23:15:00,1023.60,53.0,49.5,87,0,232,,,,,,
2024-09-24 23:30:00,1023.70,53.0,49.8,88,0,232,,,,,,
2024-09-24 23:45:00,1023.80,53.0,49.5,87,0,232,,,,,,
2024-09-25 00:15:00,1024.20,53.0,49.5,87,0,330,,,,,,
2024-09-25 00:30:00,1024.30,53.0,49.5,87,0,330,,,,,,
2024-09-25 00:45:00,1024.00,53.0,49.5,87,0,0,1022.33,53.7,49.5,85,,220
2024-09-25 01:00:00,1024.10,53.0,48.9,85,0,65,,,,,,
2024-09-25 01:15:00,1024.30,54.0,49.6,84,0,53,,,,,,
2024-09-25 01:30:00,1024.50,53.0,48.9,85,0,15,,,,,,
2024-09-25 01:45:00,1024.60,53.0,49.5,87,0,0,1022.80,53.6,49.5,86,,220
2024-09-25 02:00:00,1024.70,53.0,49.5,87,0,15,,,,,,
2024-09-25 02:15:00,1024.80,53.0,49.8,88,0,15,,,,,,
2024-09-25 02:30:00,1024.70,53.0,49.8,88,0,15,,,,,,
2024-09-25 02:45:00,1024.50,52.0,48.8,88,0,0,1022.92,52.6,50.7,93,,44
2024-09-25 03:00:00,1024.30,52.0,48.6,88,0,194,,,,,,
2024-09-25 03:15:00,1024.30,52.0,48.6,88,0,59,,,,,,
2024-09-25 03:30:00,1024.40,52.0,48.9,89,0,54,,,,,,
2024-09-25 03:45:00,1024.60,52.0,49.1,89,0,0,1023.06,52.1,50.8,95,,44
2024-09-25 04:00:00,1024.50,52.0,49.2,90,0,54,,,,,,
2024-09-25 04:15:00,1024.40,52.0,49.2,90,0,39,,,,,,
2024-09-25 04:30:00,1024.30,52.0,49.2,90,0,39,,,,,,
2024-09-25 04:45:00,1024.00,52.0,49.4,90,0,0,1022.45,52.3,50.2,92,,219
2024-09-25 05:00:00,1024.30,51.0,48.8,92,0,39,,,,,,
2024-09-25 05:15:00,1024.10,51.0,48.8,92,0,39,,,,,,
2024-09-25 05:30:00,1024.00,51.0,48.5,90,0,39,,,,,,
2024-09-25 05:45:00,1023.90,51.0,48.4,90,0,0,1022.57,50.9,49.7,95,,44
2024-09-25 06:00:00,1023.80,51.0,48.8,92,0,39,,,,,,
2024-09-25 06:15:00,1023.90,50.0,47.8,92,0,39,,,,,,
2024-09-25 06:30:00,1023.90,50.0,48.1,93,0,39,,,,,,
2024-09-25 06:45:00,1023.80,50.0,48.0,92,0,0,1022.40,50.5,49.2,95,,44
2024-09-25 07:00:00,1023.60,50.0,48.3,93,0,39,,,,,,
2024-09-25 07:15:00,1023.60,50.0,48.3,93,0,39,,,,,,
2024-09-25 07:30:00,1023.80,50.0,48.3,93,0,39,,,,,,
2024-09-25 07:45:00,1024.10,50.0,48.3,93,0,0,1022.48,50.1,48.8,95,,44
2024-09-25 08:00:00,1023.60,50.0,48.3,93,0,39,,,,,,
2024-09-25 08:30:00,1024.30,50.0,48.3,93,0,39,,,,,,
2024-09-25 08:45:00,1023.90,50.0,48.3,93,0,0,1022.31,50.2,49.0,95,,44
2024-09-25 09:01:00,1024.00,50.0,48.3,93,0,342,,,,,,
2024-09-25 09:15:00,1024.00,50.0,48.3,93,0,342,,,,,,
2024-09-25 09:30:00,1024.10,50.0,48.3,93,0,26,,,,,,
2024-09-25 09:45:00,1024.30,50.0,48.3,93,0,0,1022.67,50.0,49.3,97,,44
2024-09-25 10:15:00,1024.50,50.0,48.3,93,0,240,,,,,,
2024-09-25 10:30:00,1024.30,50.0,48.3,93,0,240,,,,,,
2024-09-25 10:45:00,1024.50,50.0,48.3,93,0,0,1022.80,50.8,49.7,95,,47
2024-09-25 10:46:00,1024.50,50.0,48.3,93,0,240,,,,,,
2024-09-25 11:00:00,1024.40,50.0,48.3,93,0,240,,,,,,
2024-09-25 11:30:00,1024.70,50.0,48.3,93,0,240,,,,,,
2024-09-25 11:45:00,1024.80,50.0,48.3,93,0,0,1023.01,51.0,49.8,95,,44
2024-09-25 11:46:00,1024.80,50.0,48.3,93,0,240,,,,,,
2024-09-25 12:01:00,1025.00,51.0,49.3,93,0,240,,,,,,
2024-09-25 12:15:00,1025.00,51.0,49.3,93,0,345,,,,,,
2024-09-25 12:30:00,1025.20,51.0,49.3,93,0,345,,,,,,
2024-09-25 12:45:00,1025.80,51.0,49.6,94,0,0,1023.77,52.0,50.8,95,,44
2024-09-25 13:00:00,1025.40,51.0,49.6,95,0,345,,,,,,
2024-09-25 13:15:00,1025.40,51.0,49.6,95,0,345,,,,,,
2024-09-25 13:30:00,1025.30,51.0,49.6,95,0,345,,,,,,
2024-09-25 13:45:00,1025.60,52.0,50.3,94,0,345,,,,,,
2024-09-25 14:00:00,1025.70,52.0,50.3,94,0,345,,,,,,
2024-09-25 14:15:00,1025.90,52.0,50.3,94,0,25,,,,,,
2024-09-25 14:30:00,1026.00,52.0,50.3,94,0,32,,,,,,
2024-09-25 14:45:00,1025.90,52.0,50.3,94,0,32,,,,,,
2024-09-25 15:00:00,1025.70,52.0,50.3,94,0,32,,,,,,
2024-09-25 15:15:00,1025.60,53.0,51.3,94,0,33,,,,,,
2024-09-25 15:30:00,1025.40,53.0,51.3,94,0,69,,,,,,
2024-09-25 15:45:00,1025.40,53.0,51.0,93,0,77,,,,,,
2024-09-25 16:00:00,1025.30,53.0,51.0,93,0,221,,,,,,
2024-09-25 16:15:00,1025.50,53.0,50.7,92,0,38,,,,,,
2024-09-25 16:30:00,1025.20,54.0,51.7,92,0,37,,,,,,
2024-09-25 16:45:00,1025.20,54.0,51.7,92,0,84,,,,,,
2024-09-25 17:00:00,1025.30,55.0,52.7,92,0,25,,,,,,
2024-09-25 17:15:00,1025.30,54.0,51.7,92,0,332,,,,,,
2024-09-25 17:30:00,1025.30,54.0,52.0,92,0,14,,,,,,
2024-09-25 17:45:00,1025.20,54.0,52.0,92,0,65,,,,,,
2024-09-25 18:00:00,1025.20,54.0,52.0,92,0,65,,,,,,
2024-09-25 18:15:00,1024.90,55.0,52.7,92,0,56,,,,,,
2024-09-25 18:30:00,1025.00,55.0,52.7,92,0,175,,,,,,
2024-09-25 18:45:00,1025.00,55.0,52.7,92,0,22,,,,,,
2024-09-25 19:00:00,1025.00,55.0,52.7,92,0,11,,,,,,
2024-09-25 19:15:00,1024.70,55.0,52.7,92,0,11,,,,,,
2024-09-25 19:30:00,1024.60,55.0,53.0,92,0,51,,,,,,
2024-09-25 19:45:00,1024.60,55.0,53.0,92,0,50,,,,,,
2024-09-25 20:00:00,1024.70,55.0,53.0,92,0,10,,,,,,
2024-09-25 20:15:00,1024.70,55.0,53.0,92,0,10,,,,,,
2024-09-25 20:30:00,1024.60,55.0,53.0,92,0,8,,,,,,
2024-09-25 20:45:00,1024.40,55.0,53.0,92,0,8,,,,,,
2024-09-25 21:00:00,1024.30,55.0,53.0,92,0,20,,,,,,
2024-09-25 21:15:00,1024.30,55.0,53.3,93,0,26,,,,,,
2024-09-25 21:30:00,1024.50,54.0,52.3,93,0,26,,,,,,
2024-09-25 21:45:00,1024.50,54.0,52.3,93,0,26,,,,,,
2024-09-25 22:00:00,1024.60,54.0,52.3,93,0,26,,,,,,
2024-09-25 22:15:00,1024.60,54.0,52.3,93,0,26,,,,,,
2024-09-25 22:30:00,1024.40,54.0,52.3,93,0,26,,,,,,
2024-09-25 22:46:00,1024.40,54.0,52.3,93,0,26,,,,,,
2024-09-25 23:00:00,1024.30,54.0,52.3,93,0,26,,,,,,
2024-09-25 23:15:00,1024.30,54.0,52.6,95,0,26,,,,,,
2024-09-25 23:30:00,1024.20,54.0,52.6,95,0,26,,,,,,
2024-09-25 23:45:00,1024.20,54.0,52.6,95,0,26,,,,,,
2024-09-26 00:15:00,1024.50,54.0,52.9,95,0,26,,,,,,
2024-09-26 00:30:00,1024.30,53.0,51.9,96,0,26,,,,,,
2024-09-26 00:45:00,1024.40,53.0,51.9,95,0,0,1022.58,54.2,53.5,97,,44
2024-09-26 01:00:00,1024.30,53.0,51.9,96,0,26,,,,,,
2024-09-26 01:15:00,1024.30,53.0,51.9,96,0,26,,,,,,
2024-09-26 01:31:00,1024.30,53.0,51.9,96,0,26,,,,,,
2024-09-26 01:45:00,1024.10,53.0,51.9,95,0,0,1022.54,53.8,53.2,97,,44
2024-09-26 02:00:00,1023.90,53.0,51.9,96,0,57,,,,,,
2024-09-26 02:15:00,1023.90,53.0,51.9,96,0,64,,,,,,
2024-09-26 02:30:00,1023.70,54.0,52.9,95,0,103,,,,,,
2024-09-26 02:45:00,1023.60,54.0,52.9,95,0,0,1022.12,53.9,53.2,97,,44
2024-09-26 03:00:00,1023.80,54.0,52.9,95,0,39,,,,,,
2024-09-26 03:15:00,1023.80,54.0,53.2,97,0,55,,,,,,
2024-09-26 03:30:00,1023.70,54.0,53.2,97,0,61,,,,,,
2024-09-26 03:45:00,1023.80,54.0,53.1,96,0,0,1021.97,53.6,53.2,98,,45
2024-09-26 04:00:00,1023.60,54.0,52.9,95,0,31,,,,,,
2024-09-26 04:15:00,1023.60,54.0,52.9,95,0,54,,,,,,
2024-09-26 04:30:00,1023.50,54.0,52.9,95,0,60,,,,,,
2024-09-26 04:45:00,1023.50,53.0,51.9,95,0,0,1021.98,53.8,53.3,98,,220
2024-09-26 05:00:00,1023.30,54.0,52.9,95,0,39,,,,,,
2024-09-26 05:30:00,1023.10,54.0,52.9,95,0,57,,,,,,
2024-09-26 05:45:00,1023.10,54.0,52.9,95,0,0,1021.52,53.7,54.7,100,,220
2024-09-26 06:01:00,1023.00,54.0,53.2,97,0,63,,,,,,
2024-09-26 06:16:00,1023.00,54.0,53.2,97,0,49,,,,,,
2024-09-26 06:31:00,1022.70,54.0,53.2,97,0,40,,,,,,
2024-09-26 06:45:00,1022.50,54.0,53.1,96,0,35,1021.07,53.9,53.5,98,,75
2024-09-26 07:00:00,1022.40,54.0,53.2,97,0,54,,,,,,
2024-09-26 07:15:00,1022.40,54.0,53.2,97,0,231,,,,,,
2024-09-26 07:30:00,1022.00,54.0,53.2,97,0,68,,,,,,
2024-09-26 07:45:00,1022.00,54.0,53.1,96,0,0,1020.49,54.2,53.6,98,,44
2024-09-26 08:00:00,1021.90,54.0,53.2,97,0,28,,,,,,
2024-09-26 08:15:00,1021.80,54.0,53.2,97,0,227,,,,,,
2024-09-26 08:30:00,1022.10,54.0,53.2,97,0,82,,,,,,
2024-09-26 08:45:00,1021.90,54.0,53.1,96,0,0,1020.27,54.2,53.9,99,,44
2024-09-26 09:00:00,1021.80,54.0,53.2,97,0,80,,,,,,
2024-09-26 09:15:00,1021.70,54.0,53.2,97,0,53,,,,,,
2024-09-26 09:30:00,1021.70,54.0,53.2,97,0,61,,,,,,
2024-09-26 09:45:00,1021.70,54.0,53.1,96,0,0,1019.90,54.6,53.8,97,,44
2024-09-26 10:00:00,1021.60,54.0,53.2,97,0,36,,,,,,
2024-09-26 10:15:00,1021.70,54.0,53.2,97,0,263,,,,,,
2024-09-26 10:30:00,1021.70,54.0,53.2,97,0,58,,,,,,
2024-09-26 10:45:00,1021.70,54.0,53.1,96,0,0,1020.21,54.3,53.9,98,,44
2024-09-26 11:00:00,1021.60,54.0,53.2,97,0,45,,,,,,
2024-09-26 11:15:00,1021.70,54.0,53.2,97,0,61,,,,,,
2024-09-26 11:30:00,1021.80,54.0,53.2,97,0,56,,,,,,
2024-09-26 11:45:00,1021.60,54.0,53.1,96,0,0,1020.01,55.3,54.4,96,,44
2024-09-26 12:00:00,1021.50,54.0,53.2,97,0,28,,,,,,
2024-09-26 12:15:00,1021.80,54.0,53.2,97,0,55,,,,,,
2024-09-26 12:30:00,1021.70,55.0,54.2,96,0,63,,,,,,
2024-09-26 12:45:00,1021.50,55.0,54.1,96,0,73,1019.86,55.2,54.5,97,,77
2024-09-26 13:00:00,1021.20,55.0,54.2,96,0,65,,,,,,
2024-09-26 13:15:00,1021.00,55.0,54.2,96,0,58,,,,,,
2024-09-26 13:30:00,1021.20,56.0,55.2,97,0,101,,,,,,
2024-09-26 13:45:00,1021.30,56.0,55.2,97,0,58,,,,,,
2024-09-26 14:00:00,1021.30,56.0,55.2,97,0,351,,,,,,
2024-09-26 14:15:00,1021.10,56.0,55.2,97,0,26,,,,,,
2024-09-26 14:30:00,1021.10,57.0,56.2,97,0,86,,,,,,
2024-09-26 14:45:00,1020.90,57.0,56.2,97,0,82,,,,,,
2024-09-26 15:00:00,1020.90,57.0,56.2,97,0,138,,,,,,
2024-09-26 15:16:00,1021.00,58.0,57.1,96,0,60,,,,,,
2024-09-26 15:30:00,1020.80,58.0,57.1,96,0,65,,,,,,
2024-09-26 15:45:00,1020.60,59.0,58.1,97,0,187,,,,,,
2024-09-26 16:00:00,1020.30,59.0,58.1,97,0,75,,,,,,
2024-09-26 16:15:00,1020.20,60.0,59.1,96,0,66,,,,,,
2024-09-26 16:31:00,1020.00,60.0,59.1,96,0,47,,,,,,
2024-09-26 16:45:00,1019.90,60.0,59.1,96,0,84,,,,,,
2024-09-26 17:00:00,1019.80,61.0,60.1,96,0,88,,,,,,
2024-09-26 17:15:00,1019.40,61.0,59.9,96,0,214,,,,,,
2024-09-26 17:30:00,1019.30,61.0,59.9,96,0,217,,,,,,
2024-09-26 17:45:00,1019.10,61.0,60.1,96,0,217,,,,,,
2024-09-26 18:00:00,1018.90,62.0,60.8,95,0,65,,,,,,
2024-09-26 18:15:00,1018.60,62.0,60.8,95,0,45,,,,,,
2024-09-26 18:30:00,1018.60,62.0,60.8,95,0,47,,,,,,
2024-09-26 18:45:00,1018.50,62.0,61.1,97,0,72,,,,,,
2024-09-26 19:00:00,1018.60,63.0,62.1,96,0,48,,,,,,
2024-09-26 19:15:00,1018.40,63.0,62.1,96,0,212,,,,,,
2024-09-26 19:30:00,1018.30,63.0,62.1,96,0,250,,,,,,
2024-09-26 19:45:00,1018.30,63.0,62.1,96,0,113,,,,,,
2024-09-26 20:00:00,1018.40,63.0,62.1,96,0,77,,,,,,
2024-09-26 20:15:00,1018.30,63.0,62.1,96,0,49,,,,,,
2024-09-26 20:30:00,1018.40,63.0,62.1,96,0,94,,,,,,
2024-09-26 20:45:00,1018.50,63.0,61.8,96,0,95,,,,,,
2024-09-26 21:00:00,1018.50,61.0,59.5,94,0,330,,,,,,
2024-09-26 21:15:00,1018.40,61.0,59.9,96,0,89,,,,,,
2024-09-26 21:30:00,1018.60,60.0,58.9,95,0,80,,,,,,
2024-09-26 21:45:00,1018.70,60.0,58.9,95,0,162,,,,,,
2024-09-26 22:00:00,1018.70,60.0,58.9,95,0,162,,,,,,
2024-09-26 22:15:00,1018.90,60.0,58.9,95,0,99,,,,,,
2024-09-26 22:30:00,1019.10,59.0,57.9,96,0,99,,,,,,
2024-09-26 22:45:00,1019.20,59.0,58.1,97,0,153,,,,,,
2024-09-26 23:00:00,1019.20,59.0,58.1,97,0,218,,,,,,
2024-09-26 23:15:00,1019.10,59.0,58.1,97,0,117,,,,,,
2024-09-26 23:30:00,1019.30,59.0,58.1,97,0,117,,,,,,
2024-09-26 23:45:00,1019.50,59.0,58.1,97,0,22,,,,,,
2024-09-27 00:15:00,1019.70,59.0,58.1,97,0,45,,,,,,
2024-09-27 00:30:00,1019.70,59.0,58.1,97,0,296,,,,,,
2024-09-27 00:45:00,1019.70,59.0,58.1,96,0,0,1017.99,60.1,58.8,95,,44
2024-09-27 01:00:00,1019.60,59.0,58.1,97,0,64,,,,,,
2024-09-27 01:15:00,1019.60,59.0,58.1,97,0,64,,,,,,
2024-09-27 01:30:00,1019.70,59.0,58.1,97,0,134,,,,,,
2024-09-27 01:45:00,1019.70,59.0,58.1,96,0,0,1017.95,59.9,58.7,95,,44
2024-09-27 02:00:00,1019.60,59.0,58.1,97,0,73,,,,,,
2024-09-27 02:15:00,1019.50,59.0,58.1,97,0,120,,,,,,
2024-09-27 02:30:00,1019.50,58.0,57.1,96,0,225,,,,,,
2024-09-27 02:45:00,1019.70,58.0,56.8,95,0,0,1017.71,59.4,58.1,95,,44
2024-09-27 03:00:00,1019.40,58.0,57.1,96,0,225,,,,,,
2024-09-27 03:15:00,1019.40,57.0,55.9,96,0,337,,,,,,
2024-09-27 03:30:00,1019.40,57.0,55.9,96,0,236,,,,,,
2024-09-27 03:45:00,1019.40,57.0,56.1,96,0,0,1017.62,58.8,57.9,96,,44
2024-09-27 04:00:00,1019.40,57.0,56.2,97,0,205,,,,,,
2024-09-27 04:15:00,1019.30,57.0,56.2,97,0,207,,,,,,
2024-09-27 04:30:00,1019.10,57.0,56.2,97,0,250,,,,,,
2024-09-27 04:45:00,1019.00,57.0,56.1,96,0,0,1017.39,58.0,57.3,97,,44
2024-09-27 05:00:00,1019.00,57.0,56.2,97,0,78,,,,,,
2024-09-27 05:15:00,1018.90,57.0,56.2,97,0,78,,,,,,
2024-09-27 05:30:00,1018.70,57.0,56.2,97,0,15,,,,,,
2024-09-27 05:45:00,1018.80,57.0,56.1,96,0,0,1017.54,58.6,57.7,96,,44
2024-09-27 06:00:00,1018.70,58.0,57.1,96,0,307,,,,,,
2024-09-27 06:16:00,1018.70,58.0,57.1,96,0,307,,,,,,
2024-09-27 06:30:00,1018.50,58.0,57.1,96,0,118,,,,,,
2024-09-27 06:45:00,1018.40,58.0,57.1,96,0,0,1016.63,58.4,57.1,95,,44
2024-09-27 07:15:00,1018.50,58.0,57.1,96,0,51,,,,,,
2024-09-27 07:31:00,1018.40,58.0,57.1,96,0,51,,,,,,
2024-09-27 07:45:00,1018.50,58.0,57.1,96,0,0,1016.93,57.8,56.9,96,,44
2024-09-27 08:15:00,1018.60,58.0,57.1,96,0,51,,,,,,
2024-09-27 08:30:00,1018.60,58.0,57.1,96,0,51,,,,,,
2024-09-27 08:45:00,1018.80,58.0,57.1,96,0,0,1017.09,58.0,56.7,95,,44
2024-09-27 09:01:00,1018.70,58.0,57.1,96,0,51,,,,,,
2024-09-27 09:31:00,1019.00,58.0,57.1,96,0,51,,,,,,
2024-09-27 09:45:00,1018.90,58.0,57.1,96,0,0,1017.24,57.3,56.5,97,,44
2024-09-27 09:46:00,1018.90,58.0,57.1,96,0,51,,,,,,
2024-09-27 10:15:00,1019.30,58.0,57.1,96,0,51,,,,,,
2024-09-27 10:45:00,1019.50,57.0,56.1,96,0,0,1017.79,57.7,57.1,97,,218
2024-09-27 11:01:00,1019.60,58.0,57.4,98,0,51,,,,,,
2024-09-27 11:15:00,1019.60,58.0,57.4,98,0,51,,,,,,
2024-09-27 11:30:00,1019.70,58.0,57.1,96,0,51,,,,,,
2024-09-27 11:45:00,1019.50,58.0,57.4,97,0,0,1017.84,58.2,57.7,98,,146
2024-09-27 12:00:00,1019.50,57.0,56.2,97,0,51,,,,,,
2024-09-27 12:15:00,1019.70,57.0,56.2,97,0,51,,,,,,
2024-09-27 12:30:00,1019.90,58.0,56.9,95,0,255,,,,,,
2024-09-27 12:45:00,1019.90,58.0,56.8,95,0,0,1018.11,59.9,58.0,93,,44
2024-09-27 13:00:00,1019.90,59.0,57.9,96,0,248,,,,,,
2024-09-27 13:15:00,1020.00,59.0,57.6,95,0,231,,,,,,
2024-09-27 13:30:00,1020.00,60.0,58.9,95,0,266,,,,,,
2024-09-27 13:45:00,1019.90,61.0,59.3,94,0,206,,,,,,
2024-09-27 14:00:00,1019.80,61.0,58.4,90,0,217,,,,,,
2024-09-27 14:15:00,1019.80,62.0,57.8,85,0,85,,,,,,
2024-09-27 14:30:00,1019.70,62.0,58.1,86,0,99,,,,,,
2024-09-27 14:45:00,1019.50,63.0,57.4,81,0,99,,,,,,
2024-09-27 15:00:00,1019.40,64.0,56.3,76,0,143,,,,,,
2024-09-27 15:15:00,1019.20,64.0,55.2,72,0,131,,,,,,
2024-09-27 15:30:00,1019.00,65.0,56.9,75,0,90,,,,,,
2024-09-27 15:45:00,1019.10,66.0,56.7,72,0,281,,,,,,
2024-09-27 16:00:00,1018.90,66.0,55.5,68,0,91,,,,,,
2024-09-27 16:15:00,1018.90,66.0,57.1,73,0,59,,,,,,
2024-09-27 16:30:00,1019.00,67.0,54.8,65,0,289,,,,,,
2024-09-27 16:45:00,1019.00,68.0,54.9,62,0,234,,,,,,
2024-09-27 17:00:00,1018.80,67.0,57.3,71,0,96,,,,,,
2024-09-27 17:15:00,1018.50,68.0,54.0,61,0,101,,,,,,
2024-09-27 17:30:00,1018.20,68.0,56.6,66,0,194,,,,,,
2024-09-27 17:45:00,1018.00,68.0,55.4,64,0,129,,,,,,
2024-09-27 18:00:00,1017.80,68.0,54.0,61,0,91,,,,,,
2024-09-27 18:15:00,1017.80,68.0,57.0,67,0,171,,,,,,
2024-09-27 18:30:00,1017.70,67.0,55.3,66,0,243,,,,,,
2024-09-27 18:45:00,1017.50,66.0,55.5,68,0,205,,,,,,
2024-09-27 19:00:00,1017.50,67.0,55.3,66,0,229,,,,,,
2024-09-27 19:15:00,1017.30,67.0,56.5,68,0,224,,,,,,
2024-09-27 19:46:00,1017.20,65.0,55.0,69,0,229,,,,,,
2024-09-27 20:00:00,1017.50,65.0,56.5,73,0,193,,,,,,
2024-09-27 20:15:00,1017.60,65.0,56.5,73,0,223,,,,,,
2024-09-27 20:30:00,1017.70,64.0,57.4,78,0,223,,,,,,
2024-09-27 20:45:00,1017.80,64.0,57.7,79,0,219,,,,,,
2024-09-27 21:00:00,1017.80,64.0,58.0,81,0,223,,,,,,
2024-09-27 21:15:00,1017.60,63.0,57.8,82,0,223,,,,,,
2024-09-27 21:30:00,1017.70,63.0,57.4,81,0,224,,,,,,
2024-09-27 21:45:00,1017.60,62.0,55.8,79,0,228,,,,,,
2024-09-27 22:00:00,1017.50,62.0,55.8,79,0,232,,,,,,
2024-09-27 22:15:00,1017.50,62.0,55.8,79,0,233,,,,,,
2024-09-27 22:30:00,1017.60,61.0,55.5,81,0,240,,,,,,
2024-09-27 22:45:00,1017.70,60.0,54.8,83,0,240,,,,,,
2024-09-27 23:00:00,1017.70,60.0,55.5,84,0,239,,,,,,
2024-09-28 00:45:00,1018.50,59.0,54.8,86,0,0,1016.56,58.1,56.2,93,,44
2024-09-28 01:45:00,1018.90,59.0,55.1,86,0,0,1017.01,58.1,55.8,92,,44
2024-09-28 02:45:00,1019.20,58.0,54.1,86,0,0,1017.21,57.5,55.1,91,,44
2024-09-28 03:45:00,1019.50,58.0,54.5,87,0,0,1017.59,57.3,54.8,91,,44
2024-09-28 04:45:00,1019.50,58.0,53.8,85,0,0,1017.71,56.7,54.5,92,,44
2024-09-28 05:45:00,1019.50,56.0,52.8,88,0,0,1017.72,56.0,53.9,92,,44
2024-09-28 06:00:00,1019.50,56.0,53.1,90,0,234,,,,,,
2024-09-28 06:15:00,1019.50,56.0,53.4,91,0,234,,,,,,
2024-09-28 06:30:00,1019.50,56.0,52.8,88,0,234,,,,,,
2024-09-28 06:45:00,1019.30,56.0,52.8,88,0,0,1017.56,55.7,53.8,93,,44
2024-09-28 07:00:00,1019.00,56.0,52.8,88,0,234,,,,,,
2024-09-28 07:15:00,1018.90,56.0,52.8,88,0,234,,,,,,
2024-09-28 07:30:00,1018.80,56.0,52.5,87,0,234,,,,,,
2024-09-28 07:45:00,1018.70,56.0,52.5,87,0,0,1017.11,56.0,53.7,92,,44
2024-09-28 08:15:00,1018.90,56.0,52.5,87,0,234,,,,,,
2024-09-28 08:30:00,1018.80,56.0,52.8,88,0,234,,,,,,
2024-09-28 08:45:00,1019.00,56.0,52.8,88,0,0,1017.36,55.6,53.4,92,,44
2024-09-28 09:00:00,1018.90,56.0,52.8,88,0,234,,,,,,
2024-09-28 09:15:00,1018.90,56.0,52.8,88,0,234,,,,,,
2024-09-28 09:30:00,1019.00,56.0,52.8,88,0,234,,,,,,
2024-09-28 09:45:00,1018.90,55.0,51.8,88,0,0,1017.09,54.7,52.7,92,,44
2024-09-28 10:00:00,1018.90,55.0,51.8,89,0,234,,,,,,
2024-09-28 10:15:00,1018.80,55.0,51.8,89,0,234,,,,,,
2024-09-28 10:30:00,1018.70,55.0,51.8,89,0,234,,,,,,
2024-09-28 10:45:00,1018.70,55.0,52.1,89,0,0,1016.98,54.9,52.7,92,,44
2024-09-28 11:01:00,1018.80,55.0,52.1,90,0,234,,,,,,
2024-09-28 11:15:00,1018.90,55.0,52.1,90,0,234,,,,,,
2024-09-28 11:30:00,1019.10,55.0,52.4,90,0,234,,,,,,
2024-09-28 11:45:00,1019.10,55.0,52.4,90,0,0,1017.44,55.0,53.0,93,,44
2024-09-28 12:00:00,1019.30,55.0,52.4,90,0,235,,,,,,
2024-09-28 12:15:00,1019.40,56.0,53.1,90,0,234,,,,,,
2024-09-28 12:30:00,1019.60,56.0,52.8,88,0,234,,,,,,
2024-09-28 12:45:00,1019.60,56.0,53.1,89,0,0,1018.11,57.5,54.6,90,,44
2024-09-28 13:00:00,1019.50,57.0,53.2,87,0,14,,,,,,
2024-09-28 13:30:00,1019.80,58.0,53.5,84,0,341,,,,,,
2024-09-28 13:45:00,1020.00,58.0,53.5,84,0,319,,,,,,
2024-09-28 14:15:00,1020.00,59.0,54.8,85,0,108,,,,,,
2024-09-28 14:30:00,1019.90,59.0,54.8,85,0,47,,,,,,
2024-09-28 14:45:00,1019.80,61.0,56.1,84,0,150,,,,,,
2024-09-28 15:00:00,1019.80,61.0,56.1,84,0,210,,,,,,
2024-09-28 15:15:00,1019.50,62.0,56.4,82,0,339,,,,,,
2024-09-28 15:30:00,1019.60,63.0,57.1,80,0,238,,,,,,
2024-09-28 15:45:00,1019.40,63.0,56.0,78,0,252,,,,,,
2024-09-28 16:00:00,1019.30,64.0,56.6,77,0,11,,,,,,
2024-09-28 16:15:00,1019.20,64.0,56.6,77,0,342,,,,,,
2024-09-28 16:30:00,1019.10,65.0,57.2,75,0,39,,,,,,
2024-09-28 16:45:00,1019.10,65.0,57.2,75,0,250,,,,,,
2024-09-28 17:00:00,1019.10,64.0,57.0,78,0,325,,,,,,
2024-09-28 17:15:00,1018.80,65.0,58.0,78,1,51,,,,,,
2024-09-28 17:30:00,1018.60,66.0,58.2,75,0,27,,,,,,
2024-09-28 17:45:00,1018.30,66.0,57.8,74,0,347,,,,,,
2024-09-28 18:00:00,1018.30,67.0,58.8,75,0,70,,,,,,
2024-09-28 18:15:00,1018.10,67.0,59.2,76,0,72,,,,,,
2024-09-28 18:30:00,1017.80,67.0,58.8,75,0,37,,,,,,
2024-09-28 18:45:00,1017.80,67.0,59.2,76,0,198,,,,,,
2024-09-28 19:00:00,1017.90,67.0,58.4,73,0,41,,,,,,
2024-09-28 19:15:00,1017.80,66.0,58.2,75,0,217,,,,,,
2024-09-28 19:30:00,1017.80,67.0,58.8,75,0,328,,,,,,
2024-09-28 19:45:00,1017.80,67.0,58.4,73,0,34,,,,,,
2024-09-28 20:00:00,1018.00,67.0,58.8,75,0,248,,,,,,
2024-09-28 20:15:00,1018.00,67.0,58.4,73,0,336,,,,,,
2024-09-28 20:30:00,1017.80,66.0,59.3,78,0,259,,,,,,
2024-09-28 20:45:00,1017.70,65.0,59.4,81,0,244,,,,,,
2024-09-28 21:00:00,1017.60,65.0,58.7,79,0,229,,,,,,
2024-09-28 21:15:00,1017.60,65.0,59.4,81,0,229,,,,,,
2024-09-28 21:31:00,1017.70,65.0,59.4,81,0,229,,,,,,
2024-09-28 21:46:00,1017.70,64.0,58.7,83,0,228,,,,,,
2024-09-28 22:00:00,1017.80,64.0,59.1,83,0,229,,,,,,
2024-09-28 22:15:00,1018.00,63.0,58.4,84,0,228,,,,,,
2024-09-28 22:30:00,1017.90,63.0,59.1,86,0,228,,,,,,
2024-09-28 22:45:00,1017.90,63.0,59.4,87,0,228,,,,,,
2024-09-28 23:00:00,1018.10,62.0,58.7,89,0,228,,,,,,
2024-09-28 23:16:00,1018.20,62.0,58.1,86,0,203,,,,,,
2024-09-28 23:45:00,1018.40,62.0,58.7,89,0,210,,,,,,
2024-09-29 00:00:00,1018.60,62.0,58.7,88,0,0,1016.94,63.1,56.3,78,1.0,48
2024-09-29 00:15:00,1018.60,61.0,57.1,86,0,0,1016.94,63.1,56.2,78,1.0,48
2024-09-29 00:16:00,1018.60,61.0,57.1,87,0,209,,,,,,
2024-09-29 00:30:00,1018.90,61.0,57.1,86,0,0,1017.16,63.1,56.2,78,1.0,48
2024-09-29 00:45:00,1018.90,61.0,57.1,86,0,0,1017.62,62.3,56.1,79,0.3,25
2024-09-29 01:00:00,1019.00,61.0,56.8,86,0,0,1017.63,62.3,56.0,79,0.3,25
2024-09-29 01:15:00,1019.10,61.0,58.0,89,0,0,1017.63,62.3,56.0,79,0.3,25
2024-09-29 01:16:00,1019.10,61.0,58.0,89,0,287,,,,,,
2024-09-29 01:30:00,1019.20,60.0,56.7,88,0,0,1017.63,62.3,56.0,80,0.3,25
2024-09-29 01:45:00,1019.20,60.0,56.7,88,0,0,1017.97,61.5,54.1,76,1.3,72
2024-09-29 02:00:00,1019.20,60.0,56.7,88,0,0,1017.93,61.5,54.3,77,1.3,72
2024-09-29 02:15:00,1019.30,60.0,56.4,87,0,0,1017.93,61.5,54.0,76,1.3,72
2024-09-29 02:30:00,1019.40,60.0,56.4,87,0,0,1017.93,61.5,54.0,76,1.3,72
2024-09-29 02:45:00,1019.50,59.0,55.7,88,0,0,1018.08,60.2,53.9,79,0.2,36
2024-09-29 03:00:00,1019.50,59.0,55.4,87,0,0,1018.02,60.2,53.9,79,0.2,36
2024-09-29 03:15:00,1019.40,59.0,55.1,86,0,0,1017.84,60.2,53.8,79,0.2,36
2024-09-29 03:30:00,1019.40,59.0,55.1,86,0,0,1017.86,60.2,53.8,79,0.2,36
2024-09-29 03:45:00,1019.30,58.0,54.5,87,0,0,1017.95,58.7,54.9,87,1.0,57
2024-09-29 04:00:00,1019.40,58.0,54.8,88,0,0,1017.95,58.7,53.7,83,1.0,57
2024-09-29 04:15:00,1019.60,58.0,54.5,87,0,0,1017.93,58.7,53.7,83,1.0,57
2024-09-29 04:30:00,1019.70,58.0,54.8,88,0,0,1017.95,58.7,52.9,80,1.0,57
2024-09-29 04:45:00,1019.70,58.0,54.8,88,0,0,1018.21,57.6,54.5,89,0.7,60
2024-09-29 05:00:00,1019.60,57.0,53.5,87,0,0,1018.24,57.6,51.8,81,0.7,60
2024-09-29 05:15:00,1019.50,57.0,53.8,88,0,0,1018.23,57.6,51.4,79,0.7,60
2024-09-29 05:30:00,1019.50,57.0,53.8,88,0,0,1018.24,57.6,51.4,79,0.7,60
2024-09-29 05:45:00,1019.60,56.0,53.4,90,0,0,1017.99,56.6,54.6,92,0.5,75
2024-09-29 06:00:00,1019.60,56.0,53.4,90,0,0,1017.99,56.6,50.8,81,0.5,75
2024-09-29 06:15:00,1019.50,56.0,53.4,90,0,0,1017.99,56.6,50.8,81,0.5,75
2024-09-29 06:30:00,1019.40,56.0,53.4,90,0,0,1017.99,56.6,50.8,81,0.5,75
2024-09-29 06:45:00,1019.20,56.0,53.7,91,0,0,1018.07,55.8,54.1,93,0.4,75
2024-09-29 07:00:00,1019.20,55.0,52.7,91,0,0,1018.07,55.8,49.4,78,0.4,75
2024-09-29 07:15:00,1019.20,55.0,52.7,91,0,354,1018.07,55.8,49.4,78,0.4,107
2024-09-29 07:30:00,1019.20,55.0,52.7,91,0,0,1018.07,55.8,49.4,78,0.4,75
2024-09-29 07:45:00,1019.20,55.0,52.7,91,0,0,1018.02,55.2,54.0,95,0.4,39
2024-09-29 08:00:00,1019.20,55.0,53.0,92,0,0,1018.04,55.2,53.6,94,0.4,39
2024-09-29 08:15:00,1019.30,55.0,53.0,92,0,0,1018.04,55.2,53.6,94,0.4,39
2024-09-29 08:30:00,1019.20,54.0,52.0,92,0,0,1018.04,55.2,53.6,94,0.4,39
2024-09-29 08:45:00,1019.20,54.0,52.0,92,0,0,1017.66,54.8,53.3,94,0.9,12
2024-09-29 09:00:00,1019.30,54.0,52.0,92,0,0,1017.65,54.8,53.3,94,0.9,12
2024-09-29 09:15:00,1019.40,54.0,52.0,92,0,0,1017.65,54.8,53.3,94,0.9,12
2024-09-29 09:30:00,1019.50,54.0,52.3,93,0,0,1018.01,54.8,53.3,94,0.9,12
2024-09-29 09:45:00,1019.40,54.0,52.3,93,0,0,1018.03,54.7,53.3,94,1.0,357
2024-09-29 10:00:00,1019.40,54.0,52.3,93,0,0,1018.02,54.7,53.3,94,1.0,357
2024-09-29 10:15:00,1019.50,54.0,52.3,93,0,0,1018.02,54.7,53.3,94,1.0,357
2024-09-29 10:30:00,1019.60,54.0,52.0,92,0,0,1018.02,54.7,53.3,94,1.0,357
2024-09-29 10:45:00,1019.70,54.0,52.0,92,0,0,1018.25,54.5,53.1,95,1.2,16
2024-09-29 11:00:00,1019.80,54.0,52.0,92,0,0,1018.26,54.5,53.1,95,1.2,16
2024-09-29 11:15:00,1019.80,54.0,52.0,92,0,0,1018.26,54.5,53.1,95,1.2,16
2024-09-29 11:30:00,1019.90,54.0,52.0,92,0,0,1018.26,54.5,53.1,95,1.2,16
2024-09-29 11:45:00,1020.00,54.0,52.0,92,0,0,1018.44,54.8,53.6,95,1.1,46
2024-09-29 11:46:00,1020.00,54.0,52.0,92,0,351,,,,,,
2024-09-29 12:00:00,1020.10,54.0,52.0,92,0,0,1018.44,54.8,53.7,95,1.1,46
2024-09-29 12:15:00,1020.10,54.0,51.7,91,0,0,1018.45,54.8,53.7,95,1.1,46
2024-09-29 12:16:00,1020.10,54.0,51.7,92,0,33,,,,,,
2024-09-29 12:30:00,1020.10,54.0,51.7,91,0,0,1018.44,54.8,53.7,95,1.1,46
2024-09-29 12:45:00,1020.20,54.0,51.7,91,0,0,1018.69,55.6,53.7,93,1.2,43
2024-09-29 13:00:00,1020.20,54.0,51.7,91,0,0,1018.68,55.6,53.6,93,1.2,43
2024-09-29 13:15:00,1020.30,55.0,52.4,90,0,0,1018.68,55.6,53.6,93,1.2,43
2024-09-29 13:30:00,1020.20,55.0,52.4,90,0,0,1018.68,55.6,53.7,93,1.2,43
2024-09-29 13:45:00,1020.30,55.0,51.8,88,0,238,1018.72,56.3,53.4,89,0.8,96
2024-09-29 13:46:00,1020.30,55.0,51.8,89,0,238,,,,,,
2024-09-29 14:00:00,1020.20,56.0,52.8,88,0,0,1018.72,56.3,53.4,89,0.8,63
2024-09-29 14:15:00,1020.30,56.0,52.2,86,0,0,1018.72,56.3,53.4,89,0.8,63
2024-09-29 14:30:00,1020.30,57.0,52.9,85,0,0,1018.72,56.3,46.3,69,0.8,63
2024-09-29 14:45:00,1020.30,57.0,52.9,85,0,0,1018.73,58.0,53.6,85,0.8,56
2024-09-29 15:00:00,1020.20,58.0,53.5,85,0,0,1018.73,58.0,51.8,79,0.8,56
2024-09-29 15:15:00,1020.10,58.0,53.8,85,0,0,1018.73,58.0,51.3,78,0.8,56
2024-09-29 15:30:00,1020.20,59.0,54.2,84,0,0,1018.73,58.0,51.3,78,0.8,56
2024-09-29 15:45:00,1020.00,59.0,54.2,84,0,0,1018.46,60.8,53.4,76,1.5,106
2024-09-29 16:00:00,1020.10,59.0,53.5,82,0,0,1018.46,60.8,53.4,76,1.5,106
2024-09-29 16:15:00,1020.10,59.0,53.9,83,0,82,1018.46,60.8,53.8,77,1.5,138
2024-09-29 16:30:00,1020.00,60.0,53.9,80,0,44,1018.46,60.8,53.6,77,1.5,138
2024-09-29 16:45:00,1019.90,60.0,54.5,82,0,0,1018.17,61.9,54.4,76,0.5,55
2024-09-29 17:00:00,1019.80,60.0,53.9,80,0,27,1018.17,61.9,54.5,76,0.5,87
2024-09-29 17:15:00,1019.70,61.0,54.5,79,0,59,1018.17,61.9,54.5,76,0.5,87
2024-09-29 17:30:00,1019.70,61.0,54.2,78,0,0,1018.17,61.9,54.5,76,0.5,55
2024-09-29 17:45:00,1019.50,61.0,54.4,79,0,63,,,,,,
2024-09-29 18:15:00,1019.20,62.0,55.1,78,0,24,,,,,,
2024-09-29 18:30:00,1019.10,62.0,55.4,79,0,43,,,,,,
2024-09-29 18:45:00,1019.00,62.0,55.1,78,0,62,,,,,,
